-- CreateTable
CREATE TABLE `tests` (
    `id` VARCHAR(191) NOT NULL,
    `slug` VARCHAR(191) NOT NULL,
    `title` VARCHAR(255) NOT NULL,
    `description` TEXT NULL,
    `version` INTEGER NOT NULL DEFAULT 1,
    `published` BOOLEAN NOT NULL DEFAULT false,
    `rating` FLOAT NOT NULL DEFAULT 4.8,
    `result_mode` VARCHAR(20) NOT NULL DEFAULT 'engine',
    `created_at` DATETIME(3) NOT NULL DEFAULT CURRENT_TIMESTAMP(3),
    `updated_at` DATETIME(3) NOT NULL,

    UNIQUE INDEX `tests_slug_key`(`slug`),
    INDEX `tests_slug_idx`(`slug`),
    INDEX `tests_published_idx`(`published`),
    UNIQUE INDEX `tests_slug_version_key`(`slug`, `version`),
    PRIMARY KEY (`id`)
) DEFAULT CHARACTER SET utf8mb4 COLLATE utf8mb4_unicode_ci;

-- CreateTable
CREATE TABLE `questions` (
    `id` VARCHAR(191) NOT NULL,
    `test_id` VARCHAR(191) NOT NULL,
    `order` INTEGER NOT NULL,
    `text` TEXT NOT NULL,
    `type` VARCHAR(50) NOT NULL,

    INDEX `questions_test_id_order_idx`(`test_id`, `order`),
    PRIMARY KEY (`id`)
) DEFAULT CHARACTER SET utf8mb4 COLLATE utf8mb4_unicode_ci;

-- CreateTable
CREATE TABLE `answer_options` (
    `id` VARCHAR(191) NOT NULL,
    `question_id` VARCHAR(191) NOT NULL,
    `text` TEXT NOT NULL,
    `value` INTEGER NOT NULL,
    `weights` JSON NULL,

    INDEX `answer_options_question_id_idx`(`question_id`),
    PRIMARY KEY (`id`)
) DEFAULT CHARACTER SET utf8mb4 COLLATE utf8mb4_unicode_ci;

-- CreateTable
CREATE TABLE `scales` (
    `id` VARCHAR(191) NOT NULL,
    `test_id` VARCHAR(191) NOT NULL,
    `key` VARCHAR(50) NOT NULL,
    `name` VARCHAR(255) NOT NULL,
    `min` INTEGER NOT NULL,
    `max` INTEGER NOT NULL,
    `bands` JSON NULL,

    INDEX `scales_test_id_idx`(`test_id`),
    UNIQUE INDEX `scales_test_id_key_key`(`test_id`, `key`),
    PRIMARY KEY (`id`)
) DEFAULT CHARACTER SET utf8mb4 COLLATE utf8mb4_unicode_ci;

-- CreateTable
CREATE TABLE `rules` (
    `id` VARCHAR(191) NOT NULL,
    `test_id` VARCHAR(191) NOT NULL,
    `kind` VARCHAR(50) NOT NULL,
    `priority` INTEGER NOT NULL DEFAULT 100,
    `payload` JSON NOT NULL,

    INDEX `rules_test_id_idx`(`test_id`),
    INDEX `rules_test_id_priority_idx`(`test_id`, `priority`),
    PRIMARY KEY (`id`)
) DEFAULT CHARACTER SET utf8mb4 COLLATE utf8mb4_unicode_ci;

-- CreateTable
CREATE TABLE `sessions` (
    `id` VARCHAR(191) NOT NULL,
    `created_at` DATETIME(3) NOT NULL DEFAULT CURRENT_TIMESTAMP(3),
    `expires_at` DATETIME(3) NOT NULL,

    INDEX `sessions_expires_at_idx`(`expires_at`),
    PRIMARY KEY (`id`)
) DEFAULT CHARACTER SET utf8mb4 COLLATE utf8mb4_unicode_ci;

-- CreateTable
CREATE TABLE `results` (
    `id` VARCHAR(191) NOT NULL,
    `test_id` VARCHAR(191) NOT NULL,
    `session_id` VARCHAR(191) NOT NULL,
    `version` INTEGER NOT NULL,
    `summary` JSON NOT NULL,
    `created_at` DATETIME(3) NOT NULL DEFAULT CURRENT_TIMESTAMP(3),

    INDEX `results_session_id_idx`(`session_id`),
    INDEX `results_test_id_idx`(`test_id`),
    INDEX `results_created_at_idx`(`created_at`),
    PRIMARY KEY (`id`)
) DEFAULT CHARACTER SET utf8mb4 COLLATE utf8mb4_unicode_ci;

-- CreateTable
CREATE TABLE `result_details` (
    `id` VARCHAR(191) NOT NULL,
    `result_id` VARCHAR(191) NOT NULL,
    `answers` JSON NOT NULL,
    `details` JSON NOT NULL,

    UNIQUE INDEX `result_details_result_id_key`(`result_id`),
    PRIMARY KEY (`id`)
) DEFAULT CHARACTER SET utf8mb4 COLLATE utf8mb4_unicode_ci;

-- CreateTable
CREATE TABLE `default_results` (
    `id` VARCHAR(191) NOT NULL,
    `test_id` VARCHAR(191) NOT NULL,
    `summary_type` VARCHAR(255) NOT NULL,
    `summary` TEXT NOT NULL,
    `recommendations` JSON NOT NULL,
    `scales_data` JSON NOT NULL,
    `created_at` DATETIME(3) NOT NULL DEFAULT CURRENT_TIMESTAMP(3),
    `updated_at` DATETIME(3) NOT NULL,

    UNIQUE INDEX `default_results_test_id_key`(`test_id`),
    PRIMARY KEY (`id`)
) DEFAULT CHARACTER SET utf8mb4 COLLATE utf8mb4_unicode_ci;

-- CreateTable
CREATE TABLE `import_jobs` (
    `id` VARCHAR(191) NOT NULL,
    `external_id` VARCHAR(255) NOT NULL,
    `content_hash` VARCHAR(64) NOT NULL,
    `applied_at` DATETIME(3) NOT NULL DEFAULT CURRENT_TIMESTAMP(3),
    `test_id` VARCHAR(191) NULL,
    `status` VARCHAR(50) NOT NULL,

    INDEX `import_jobs_external_id_idx`(`external_id`),
    UNIQUE INDEX `import_jobs_external_id_content_hash_key`(`external_id`, `content_hash`),
    PRIMARY KEY (`id`)
) DEFAULT CHARACTER SET utf8mb4 COLLATE utf8mb4_unicode_ci;

-- AddForeignKey
ALTER TABLE `questions` ADD CONSTRAINT `questions_test_id_fkey` FOREIGN KEY (`test_id`) REFERENCES `tests`(`id`) ON DELETE CASCADE ON UPDATE CASCADE;

-- AddForeignKey
ALTER TABLE `answer_options` ADD CONSTRAINT `answer_options_question_id_fkey` FOREIGN KEY (`question_id`) REFERENCES `questions`(`id`) ON DELETE CASCADE ON UPDATE CASCADE;

-- AddForeignKey
ALTER TABLE `scales` ADD CONSTRAINT `scales_test_id_fkey` FOREIGN KEY (`test_id`) REFERENCES `tests`(`id`) ON DELETE CASCADE ON UPDATE CASCADE;

-- AddForeignKey
ALTER TABLE `rules` ADD CONSTRAINT `rules_test_id_fkey` FOREIGN KEY (`test_id`) REFERENCES `tests`(`id`) ON DELETE CASCADE ON UPDATE CASCADE;

-- AddForeignKey
ALTER TABLE `results` ADD CONSTRAINT `results_session_id_fkey` FOREIGN KEY (`session_id`) REFERENCES `sessions`(`id`) ON DELETE CASCADE ON UPDATE CASCADE;

-- AddForeignKey
ALTER TABLE `results` ADD CONSTRAINT `results_test_id_fkey` FOREIGN KEY (`test_id`) REFERENCES `tests`(`id`) ON DELETE RESTRICT ON UPDATE CASCADE;

-- AddForeignKey
ALTER TABLE `result_details` ADD CONSTRAINT `result_details_result_id_fkey` FOREIGN KEY (`result_id`) REFERENCES `results`(`id`) ON DELETE CASCADE ON UPDATE CASCADE;

-- AddForeignKey
ALTER TABLE `default_results` ADD CONSTRAINT `default_results_test_id_fkey` FOREIGN KEY (`test_id`) REFERENCES `tests`(`id`) ON DELETE CASCADE ON UPDATE CASCADE;

-- Production Database Export
-- Generated: 2025-10-23T06:40:20.244Z

SET FOREIGN_KEY_CHECKS=0;

INSERT INTO tests (id, slug, title, description, rating, published, version, result_mode, created_at, updated_at) VALUES ('cmgyzam8f007wu3ys9vwgxmj9', 'love-expressions', 'Как ты проявляешь свою любовь? а?', 'Узнай свой стиль проявления любви, предпочтения в подарках и идеальные свидания', 4.8, 1, 1, 'engine', '2025-10-20T10:14:19.407Z', '2025-10-20T15:57:49.158Z');
INSERT INTO questions (id, test_id, text, type, `order`, created_at, updated_at) VALUES ('cmgyzam8h007xu3ysg87fdpi6', 'cmgyzam8f007wu3ys9vwgxmj9', 'Как ты чаще всего показываешь свою любовь? a?\n', 'single', 1, '2025-10-23T06:40:20.245Z', '2025-10-23T06:40:20.245Z');
INSERT INTO answer_options (id, question_id, text, value, weights, created_at, updated_at) VALUES ('cmgyzam8h007yu3ys9glm4bfv', 'cmgyzam8h007xu3ysg87fdpi6', 'Говорю тёплые слова и комплименты', 1, '{"E_WORDS":5}', '2025-10-23T06:40:20.245Z', '2025-10-23T06:40:20.245Z');
INSERT INTO answer_options (id, question_id, text, value, weights, created_at, updated_at) VALUES ('cmgyzam8h007zu3ysss2pygsd', 'cmgyzam8h007xu3ysg87fdpi6', 'Провожу качественное время вместе', 2, '{"E_TIME":5}', '2025-10-23T06:40:20.245Z', '2025-10-23T06:40:20.245Z');
INSERT INTO answer_options (id, question_id, text, value, weights, created_at, updated_at) VALUES ('cmgyzam8h0080u3ysnty3zs8y', 'cmgyzam8h007xu3ysg87fdpi6', 'Дарю подарки и сюрпризы', 3, '{"E_GIFTS":5}', '2025-10-23T06:40:20.245Z', '2025-10-23T06:40:20.245Z');
INSERT INTO answer_options (id, question_id, text, value, weights, created_at, updated_at) VALUES ('cmgyzam8h0081u3ysd4zd3wmy', 'cmgyzam8h007xu3ysg87fdpi6', 'Помогаю и забочусь', 4, '{"E_SERVICE":5}', '2025-10-23T06:40:20.245Z', '2025-10-23T06:40:20.245Z');
INSERT INTO answer_options (id, question_id, text, value, weights, created_at, updated_at) VALUES ('cmgyzam8h0082u3ys0tdhhrqn', 'cmgyzam8h007xu3ysg87fdpi6', 'Обнимаю и прикасаюсь', 5, '{"E_TOUCH":5}', '2025-10-23T06:40:20.245Z', '2025-10-23T06:40:20.245Z');
INSERT INTO questions (id, test_id, text, type, `order`, created_at, updated_at) VALUES ('cmgyzam8h0083u3yss1l2s6zv', 'cmgyzam8f007wu3ys9vwgxmj9', 'Когда ты хочешь порадовать партнёра, что делаешь в первую очередь?', 'single', 2, '2025-10-23T06:40:20.245Z', '2025-10-23T06:40:20.245Z');
INSERT INTO answer_options (id, question_id, text, value, weights, created_at, updated_at) VALUES ('cmgyzam8h0084u3ysttnmoram', 'cmgyzam8h0083u3yss1l2s6zv', 'Говорю что-то приятное', 1, '{"E_WORDS":5}', '2025-10-23T06:40:20.245Z', '2025-10-23T06:40:20.245Z');
INSERT INTO answer_options (id, question_id, text, value, weights, created_at, updated_at) VALUES ('cmgyzam8h0085u3ysj5zjdp5j', 'cmgyzam8h0083u3yss1l2s6zv', 'Планирую время только для нас двоих', 2, '{"E_TIME":5}', '2025-10-23T06:40:20.245Z', '2025-10-23T06:40:20.245Z');
INSERT INTO answer_options (id, question_id, text, value, weights, created_at, updated_at) VALUES ('cmgyzam8h0086u3ys3t57wf2g', 'cmgyzam8h0083u3yss1l2s6zv', 'Покупаю что-то особенное', 3, '{"E_GIFTS":5}', '2025-10-23T06:40:20.245Z', '2025-10-23T06:40:20.245Z');
INSERT INTO answer_options (id, question_id, text, value, weights, created_at, updated_at) VALUES ('cmgyzam8h0087u3ysu6me3yk3', 'cmgyzam8h0083u3yss1l2s6zv', 'Делаю что-то полезное для него', 4, '{"E_SERVICE":5}', '2025-10-23T06:40:20.245Z', '2025-10-23T06:40:20.245Z');
INSERT INTO answer_options (id, question_id, text, value, weights, created_at, updated_at) VALUES ('cmgyzam8h0088u3ysnydckqbo', 'cmgyzam8h0083u3yss1l2s6zv', 'Обнимаю и целую', 5, '{"E_TOUCH":5}', '2025-10-23T06:40:20.245Z', '2025-10-23T06:40:20.245Z');
INSERT INTO questions (id, test_id, text, type, `order`, created_at, updated_at) VALUES ('cmgyzam8h0089u3yse5geqehd', 'cmgyzam8f007wu3ys9vwgxmj9', 'Как часто ты говоришь партнёру о своих чувствах?', 'scale', 3, '2025-10-23T06:40:20.245Z', '2025-10-23T06:40:20.245Z');
INSERT INTO answer_options (id, question_id, text, value, weights, created_at, updated_at) VALUES ('cmgyzam8h008au3ys81bozqv8', 'cmgyzam8h0089u3yse5geqehd', 'Очень редко', 1, '{"E_WORDS":1}', '2025-10-23T06:40:20.245Z', '2025-10-23T06:40:20.245Z');
INSERT INTO answer_options (id, question_id, text, value, weights, created_at, updated_at) VALUES ('cmgyzam8h008bu3ysfao183r7', 'cmgyzam8h0089u3yse5geqehd', 'Редко', 2, '{"E_WORDS":2}', '2025-10-23T06:40:20.245Z', '2025-10-23T06:40:20.245Z');
INSERT INTO answer_options (id, question_id, text, value, weights, created_at, updated_at) VALUES ('cmgyzam8h008cu3ysjvjlk8op', 'cmgyzam8h0089u3yse5geqehd', 'Иногда', 3, '{"E_WORDS":3}', '2025-10-23T06:40:20.245Z', '2025-10-23T06:40:20.245Z');
INSERT INTO answer_options (id, question_id, text, value, weights, created_at, updated_at) VALUES ('cmgyzam8h008du3ys6obtpc9l', 'cmgyzam8h0089u3yse5geqehd', 'Часто', 4, '{"E_WORDS":4}', '2025-10-23T06:40:20.245Z', '2025-10-23T06:40:20.245Z');
INSERT INTO answer_options (id, question_id, text, value, weights, created_at, updated_at) VALUES ('cmgyzam8h008eu3ys2hvvks3h', 'cmgyzam8h0089u3yse5geqehd', 'Очень часто', 5, '{"E_WORDS":5}', '2025-10-23T06:40:20.245Z', '2025-10-23T06:40:20.245Z');
INSERT INTO questions (id, test_id, text, type, `order`, created_at, updated_at) VALUES ('cmgyzam8h008fu3ysxytc6s5r', 'cmgyzam8f007wu3ys9vwgxmj9', 'Что для тебя важнее в проявлении любви?', 'single', 4, '2025-10-23T06:40:20.245Z', '2025-10-23T06:40:20.245Z');
INSERT INTO answer_options (id, question_id, text, value, weights, created_at, updated_at) VALUES ('cmgyzam8h008gu3ysj01ydlvu', 'cmgyzam8h008fu3ysxytc6s5r', 'Слова и признания', 1, '{"E_WORDS":5}', '2025-10-23T06:40:20.245Z', '2025-10-23T06:40:20.245Z');
INSERT INTO answer_options (id, question_id, text, value, weights, created_at, updated_at) VALUES ('cmgyzam8h008hu3ys3pl4lk5q', 'cmgyzam8h008fu3ysxytc6s5r', 'Время, проведённое вместе', 2, '{"E_TIME":5}', '2025-10-23T06:40:20.245Z', '2025-10-23T06:40:20.245Z');
INSERT INTO answer_options (id, question_id, text, value, weights, created_at, updated_at) VALUES ('cmgyzam8h008iu3ysx9tirujt', 'cmgyzam8h008fu3ysxytc6s5r', 'Материальные знаки внимания', 3, '{"E_GIFTS":5}', '2025-10-23T06:40:20.245Z', '2025-10-23T06:40:20.245Z');
INSERT INTO answer_options (id, question_id, text, value, weights, created_at, updated_at) VALUES ('cmgyzam8h008ju3yscpkafbx0', 'cmgyzam8h008fu3ysxytc6s5r', 'Практическая помощь', 4, '{"E_SERVICE":5}', '2025-10-23T06:40:20.245Z', '2025-10-23T06:40:20.245Z');
INSERT INTO answer_options (id, question_id, text, value, weights, created_at, updated_at) VALUES ('cmgyzam8h008ku3ysp1qv572l', 'cmgyzam8h008fu3ysxytc6s5r', 'Физическая близость', 5, '{"E_TOUCH":5}', '2025-10-23T06:40:20.245Z', '2025-10-23T06:40:20.245Z');
INSERT INTO questions (id, test_id, text, type, `order`, created_at, updated_at) VALUES ('cmgyzam8h008lu3ysng7huzbb', 'cmgyzam8f007wu3ys9vwgxmj9', 'Как ты предпочитаешь получать любовь от партнёра?', 'single', 5, '2025-10-23T06:40:20.245Z', '2025-10-23T06:40:20.245Z');
INSERT INTO answer_options (id, question_id, text, value, weights, created_at, updated_at) VALUES ('cmgyzam8h008mu3ys6hnk2zf8', 'cmgyzam8h008lu3ysng7huzbb', 'Через слова и комплименты', 1, '{"E_WORDS":5}', '2025-10-23T06:40:20.245Z', '2025-10-23T06:40:20.245Z');
INSERT INTO answer_options (id, question_id, text, value, weights, created_at, updated_at) VALUES ('cmgyzam8h008nu3ys7naqmris', 'cmgyzam8h008lu3ysng7huzbb', 'Через время, посвящённое мне', 2, '{"E_TIME":5}', '2025-10-23T06:40:20.245Z', '2025-10-23T06:40:20.245Z');
INSERT INTO answer_options (id, question_id, text, value, weights, created_at, updated_at) VALUES ('cmgyzam8h008ou3ysutcle44j', 'cmgyzam8h008lu3ysng7huzbb', 'Через подарки и сюрпризы', 3, '{"E_GIFTS":5}', '2025-10-23T06:40:20.245Z', '2025-10-23T06:40:20.245Z');
INSERT INTO answer_options (id, question_id, text, value, weights, created_at, updated_at) VALUES ('cmgyzam8h008pu3ysbksixe4u', 'cmgyzam8h008lu3ysng7huzbb', 'Через заботу и помощь', 4, '{"E_SERVICE":5}', '2025-10-23T06:40:20.245Z', '2025-10-23T06:40:20.245Z');
INSERT INTO answer_options (id, question_id, text, value, weights, created_at, updated_at) VALUES ('cmgyzam8h008qu3yscv10zzuj', 'cmgyzam8h008lu3ysng7huzbb', 'Через прикосновения и объятия', 5, '{"E_TOUCH":5}', '2025-10-23T06:40:20.245Z', '2025-10-23T06:40:20.245Z');
INSERT INTO questions (id, test_id, text, type, `order`, created_at, updated_at) VALUES ('cmgyzam8h008ru3yshi8yux58', 'cmgyzam8f007wu3ys9vwgxmj9', 'Когда ты расстроен, как партнёр может тебя утешить?', 'single', 6, '2025-10-23T06:40:20.245Z', '2025-10-23T06:40:20.245Z');
INSERT INTO answer_options (id, question_id, text, value, weights, created_at, updated_at) VALUES ('cmgyzam8h008su3ysrtkngsbm', 'cmgyzam8h008ru3yshi8yux58', 'Сказать что-то ободряющее', 1, '{"E_WORDS":5}', '2025-10-23T06:40:20.245Z', '2025-10-23T06:40:20.245Z');
INSERT INTO answer_options (id, question_id, text, value, weights, created_at, updated_at) VALUES ('cmgyzam8h008tu3ys2kmgmchz', 'cmgyzam8h008ru3yshi8yux58', 'Побыть рядом и выслушать', 2, '{"E_TIME":5}', '2025-10-23T06:40:20.245Z', '2025-10-23T06:40:20.245Z');
INSERT INTO answer_options (id, question_id, text, value, weights, created_at, updated_at) VALUES ('cmgyzam8h008uu3yshdt17wev', 'cmgyzam8h008ru3yshi8yux58', 'Подарить что-то приятное', 3, '{"E_GIFTS":5}', '2025-10-23T06:40:20.245Z', '2025-10-23T06:40:20.245Z');
INSERT INTO answer_options (id, question_id, text, value, weights, created_at, updated_at) VALUES ('cmgyzam8h008vu3ysrw5tj7a0', 'cmgyzam8h008ru3yshi8yux58', 'Помочь решить проблему', 4, '{"E_SERVICE":5}', '2025-10-23T06:40:20.245Z', '2025-10-23T06:40:20.245Z');
INSERT INTO answer_options (id, question_id, text, value, weights, created_at, updated_at) VALUES ('cmgyzam8h008wu3ys83z8ytke', 'cmgyzam8h008ru3yshi8yux58', 'Обнять и приласкать', 5, '{"E_TOUCH":5}', '2025-10-23T06:40:20.245Z', '2025-10-23T06:40:20.245Z');
INSERT INTO questions (id, test_id, text, type, `order`, created_at, updated_at) VALUES ('cmgyzam8i008xu3ysxkjtygva', 'cmgyzam8f007wu3ys9vwgxmj9', 'Как часто ты планируешь романтические моменты?', 'scale', 7, '2025-10-23T06:40:20.245Z', '2025-10-23T06:40:20.245Z');
INSERT INTO answer_options (id, question_id, text, value, weights, created_at, updated_at) VALUES ('cmgyzam8i008yu3yspkw1z4nk', 'cmgyzam8i008xu3ysxkjtygva', 'Никогда', 1, '{"E_ROMANTIC":1}', '2025-10-23T06:40:20.245Z', '2025-10-23T06:40:20.245Z');
INSERT INTO answer_options (id, question_id, text, value, weights, created_at, updated_at) VALUES ('cmgyzam8i008zu3yszm3ztmk3', 'cmgyzam8i008xu3ysxkjtygva', 'Редко', 2, '{"E_ROMANTIC":2}', '2025-10-23T06:40:20.246Z', '2025-10-23T06:40:20.246Z');
INSERT INTO answer_options (id, question_id, text, value, weights, created_at, updated_at) VALUES ('cmgyzam8i0090u3ys18lf981z', 'cmgyzam8i008xu3ysxkjtygva', 'Иногда', 3, '{"E_ROMANTIC":3}', '2025-10-23T06:40:20.246Z', '2025-10-23T06:40:20.246Z');
INSERT INTO answer_options (id, question_id, text, value, weights, created_at, updated_at) VALUES ('cmgyzam8i0091u3ysz4go4efd', 'cmgyzam8i008xu3ysxkjtygva', 'Часто', 4, '{"E_ROMANTIC":4}', '2025-10-23T06:40:20.246Z', '2025-10-23T06:40:20.246Z');
INSERT INTO answer_options (id, question_id, text, value, weights, created_at, updated_at) VALUES ('cmgyzam8i0092u3ys0ljs7ykd', 'cmgyzam8i008xu3ysxkjtygva', 'Очень часто', 5, '{"E_ROMANTIC":5}', '2025-10-23T06:40:20.246Z', '2025-10-23T06:40:20.246Z');
INSERT INTO questions (id, test_id, text, type, `order`, created_at, updated_at) VALUES ('cmgyzam8i0093u3ysodf9jeff', 'cmgyzam8f007wu3ys9vwgxmj9', 'Что для тебя означает \'быть романтичным\'?', 'single', 8, '2025-10-23T06:40:20.246Z', '2025-10-23T06:40:20.246Z');
INSERT INTO answer_options (id, question_id, text, value, weights, created_at, updated_at) VALUES ('cmgyzam8i0094u3ysey6n43mr', 'cmgyzam8i0093u3ysodf9jeff', 'Говорить красивые слова', 1, '{"E_WORDS":5,"E_ROMANTIC":5}', '2025-10-23T06:40:20.246Z', '2025-10-23T06:40:20.246Z');
INSERT INTO answer_options (id, question_id, text, value, weights, created_at, updated_at) VALUES ('cmgyzam8i0095u3ys0d6f4h0w', 'cmgyzam8i0093u3ysodf9jeff', 'Организовывать особые моменты', 2, '{"E_TIME":5,"E_ROMANTIC":5}', '2025-10-23T06:40:20.246Z', '2025-10-23T06:40:20.246Z');
INSERT INTO answer_options (id, question_id, text, value, weights, created_at, updated_at) VALUES ('cmgyzam8i0096u3ysekehzchm', 'cmgyzam8i0093u3ysodf9jeff', 'Делать сюрпризы и подарки', 3, '{"E_GIFTS":5,"E_ROMANTIC":5}', '2025-10-23T06:40:20.246Z', '2025-10-23T06:40:20.246Z');
INSERT INTO answer_options (id, question_id, text, value, weights, created_at, updated_at) VALUES ('cmgyzam8i0097u3yssuon7ep2', 'cmgyzam8i0093u3ysodf9jeff', 'Заботиться и ухаживать', 4, '{"E_SERVICE":5,"E_ROMANTIC":5}', '2025-10-23T06:40:20.246Z', '2025-10-23T06:40:20.246Z');
INSERT INTO answer_options (id, question_id, text, value, weights, created_at, updated_at) VALUES ('cmgyzam8i0098u3ys9y14v8b4', 'cmgyzam8i0093u3ysodf9jeff', 'Быть нежным и ласковым', 5, '{"E_TOUCH":5,"E_ROMANTIC":5}', '2025-10-23T06:40:20.246Z', '2025-10-23T06:40:20.246Z');
INSERT INTO questions (id, test_id, text, type, `order`, created_at, updated_at) VALUES ('cmgyzam8i0099u3yszpr72ag8', 'cmgyzam8f007wu3ys9vwgxmj9', 'Как ты отмечаешь важные даты в отношениях?', 'single', 9, '2025-10-23T06:40:20.246Z', '2025-10-23T06:40:20.246Z');
INSERT INTO answer_options (id, question_id, text, value, weights, created_at, updated_at) VALUES ('cmgyzam8i009au3ysbscx3voq', 'cmgyzam8i0099u3yszpr72ag8', 'Говорю особые слова', 1, '{"E_WORDS":5}', '2025-10-23T06:40:20.246Z', '2025-10-23T06:40:20.246Z');
INSERT INTO answer_options (id, question_id, text, value, weights, created_at, updated_at) VALUES ('cmgyzam8i009bu3ysfbpzj18x', 'cmgyzam8i0099u3yszpr72ag8', 'Провожу время вместе', 2, '{"E_TIME":5}', '2025-10-23T06:40:20.246Z', '2025-10-23T06:40:20.246Z');
INSERT INTO answer_options (id, question_id, text, value, weights, created_at, updated_at) VALUES ('cmgyzam8i009cu3yskf4wem8e', 'cmgyzam8i0099u3yszpr72ag8', 'Дарю подарки', 3, '{"E_GIFTS":5}', '2025-10-23T06:40:20.246Z', '2025-10-23T06:40:20.246Z');
INSERT INTO answer_options (id, question_id, text, value, weights, created_at, updated_at) VALUES ('cmgyzam8i009du3ysiz1wiv6s', 'cmgyzam8i0099u3yszpr72ag8', 'Делаю что-то особенное', 4, '{"E_SERVICE":5}', '2025-10-23T06:40:20.246Z', '2025-10-23T06:40:20.246Z');
INSERT INTO answer_options (id, question_id, text, value, weights, created_at, updated_at) VALUES ('cmgyzam8i009eu3ys1jhinn5k', 'cmgyzam8i0099u3yszpr72ag8', 'Показываю нежность', 5, '{"E_TOUCH":5}', '2025-10-23T06:40:20.246Z', '2025-10-23T06:40:20.246Z');
INSERT INTO questions (id, test_id, text, type, `order`, created_at, updated_at) VALUES ('cmgyzam8i009fu3ys597gdqnz', 'cmgyzam8f007wu3ys9vwgxmj9', 'Что заставляет тебя чувствовать себя любимым?', 'single', 10, '2025-10-23T06:40:20.246Z', '2025-10-23T06:40:20.246Z');
INSERT INTO answer_options (id, question_id, text, value, weights, created_at, updated_at) VALUES ('cmgyzam8i009gu3yst7p5dz3u', 'cmgyzam8i009fu3ys597gdqnz', 'Когда говорят \'я люблю тебя\'', 1, '{"E_WORDS":5}', '2025-10-23T06:40:20.246Z', '2025-10-23T06:40:20.246Z');
INSERT INTO answer_options (id, question_id, text, value, weights, created_at, updated_at) VALUES ('cmgyzam8i009hu3ys6ma0n9ka', 'cmgyzam8i009fu3ys597gdqnz', 'Когда уделяют мне время', 2, '{"E_TIME":5}', '2025-10-23T06:40:20.246Z', '2025-10-23T06:40:20.246Z');
INSERT INTO answer_options (id, question_id, text, value, weights, created_at, updated_at) VALUES ('cmgyzam8i009iu3ysevfrrajw', 'cmgyzam8i009fu3ys597gdqnz', 'Когда дарят что-то особенное', 3, '{"E_GIFTS":5}', '2025-10-23T06:40:20.246Z', '2025-10-23T06:40:20.246Z');
INSERT INTO answer_options (id, question_id, text, value, weights, created_at, updated_at) VALUES ('cmgyzam8i009ju3ysubsrocky', 'cmgyzam8i009fu3ys597gdqnz', 'Когда помогают без просьбы', 4, '{"E_SERVICE":5}', '2025-10-23T06:40:20.246Z', '2025-10-23T06:40:20.246Z');
INSERT INTO answer_options (id, question_id, text, value, weights, created_at, updated_at) VALUES ('cmgyzam8i009ku3ysd2b4b8s5', 'cmgyzam8i009fu3ys597gdqnz', 'Когда обнимают и целуют', 5, '{"E_TOUCH":5}', '2025-10-23T06:40:20.246Z', '2025-10-23T06:40:20.246Z');
INSERT INTO questions (id, test_id, text, type, `order`, created_at, updated_at) VALUES ('cmgyzam8i009lu3ysgxhicczj', 'cmgyzam8f007wu3ys9vwgxmj9', 'Как ты извиняешься, когда был неправ?', 'single', 11, '2025-10-23T06:40:20.246Z', '2025-10-23T06:40:20.246Z');
INSERT INTO answer_options (id, question_id, text, value, weights, created_at, updated_at) VALUES ('cmgyzam8i009mu3yslqclfes0', 'cmgyzam8i009lu3ysgxhicczj', 'Говорю искренние слова', 1, '{"E_WORDS":5}', '2025-10-23T06:40:20.246Z', '2025-10-23T06:40:20.246Z');
INSERT INTO answer_options (id, question_id, text, value, weights, created_at, updated_at) VALUES ('cmgyzam8i009nu3ys0pdxf65w', 'cmgyzam8i009lu3ysgxhicczj', 'Провожу время, объясняя ситуацию', 2, '{"E_TIME":5}', '2025-10-23T06:40:20.246Z', '2025-10-23T06:40:20.246Z');
INSERT INTO answer_options (id, question_id, text, value, weights, created_at, updated_at) VALUES ('cmgyzam8i009ou3ys245yg9jd', 'cmgyzam8i009lu3ysgxhicczj', 'Делаю подарок как знак извинения', 3, '{"E_GIFTS":5}', '2025-10-23T06:40:20.246Z', '2025-10-23T06:40:20.246Z');
INSERT INTO answer_options (id, question_id, text, value, weights, created_at, updated_at) VALUES ('cmgyzam8i009pu3ysx4kqm0zm', 'cmgyzam8i009lu3ysgxhicczj', 'Исправляю ситуацию делами', 4, '{"E_SERVICE":5}', '2025-10-23T06:40:20.246Z', '2025-10-23T06:40:20.246Z');
INSERT INTO answer_options (id, question_id, text, value, weights, created_at, updated_at) VALUES ('cmgyzam8i009qu3ysgjq6ggn3', 'cmgyzam8i009lu3ysgxhicczj', 'Обнимаю и показываю нежность', 5, '{"E_TOUCH":5}', '2025-10-23T06:40:20.246Z', '2025-10-23T06:40:20.246Z');
INSERT INTO questions (id, test_id, text, type, `order`, created_at, updated_at) VALUES ('cmgyzam8i009ru3ysa3kozki6', 'cmgyzam8f007wu3ys9vwgxmj9', 'Как ты поддерживаешь партнёра в трудные моменты?', 'single', 12, '2025-10-23T06:40:20.246Z', '2025-10-23T06:40:20.246Z');
INSERT INTO answer_options (id, question_id, text, value, weights, created_at, updated_at) VALUES ('cmgyzam8i009su3ystmj9gn2b', 'cmgyzam8i009ru3ysa3kozki6', 'Говорю ободряющие слова', 1, '{"E_WORDS":5}', '2025-10-23T06:40:20.246Z', '2025-10-23T06:40:20.246Z');
INSERT INTO answer_options (id, question_id, text, value, weights, created_at, updated_at) VALUES ('cmgyzam8i009tu3ysu9mlrx2h', 'cmgyzam8i009ru3ysa3kozki6', 'Бываю рядом и слушаю', 2, '{"E_TIME":5}', '2025-10-23T06:40:20.246Z', '2025-10-23T06:40:20.246Z');
INSERT INTO answer_options (id, question_id, text, value, weights, created_at, updated_at) VALUES ('cmgyzam8i009uu3ys0sikn2ju', 'cmgyzam8i009ru3ysa3kozki6', 'Делаю приятный сюрприз', 3, '{"E_GIFTS":5}', '2025-10-23T06:40:20.246Z', '2025-10-23T06:40:20.246Z');
INSERT INTO answer_options (id, question_id, text, value, weights, created_at, updated_at) VALUES ('cmgyzam8i009vu3ysb0lna5fg', 'cmgyzam8i009ru3ysa3kozki6', 'Помогаю решить проблемы', 4, '{"E_SERVICE":5}', '2025-10-23T06:40:20.246Z', '2025-10-23T06:40:20.246Z');
INSERT INTO answer_options (id, question_id, text, value, weights, created_at, updated_at) VALUES ('cmgyzam8i009wu3yspxv3roq6', 'cmgyzam8i009ru3ysa3kozki6', 'Обнимаю и утешаю', 5, '{"E_TOUCH":5}', '2025-10-23T06:40:20.246Z', '2025-10-23T06:40:20.246Z');
INSERT INTO questions (id, test_id, text, type, `order`, created_at, updated_at) VALUES ('cmgyzam8i009xu3yshtw7hhnh', 'cmgyzam8f007wu3ys9vwgxmj9', 'Как часто ты делаешь сюрпризы партнёру?', 'scale', 13, '2025-10-23T06:40:20.246Z', '2025-10-23T06:40:20.246Z');
INSERT INTO answer_options (id, question_id, text, value, weights, created_at, updated_at) VALUES ('cmgyzam8i009yu3ys2xozor7j', 'cmgyzam8i009xu3yshtw7hhnh', 'Никогда', 1, '{"E_SURPRISE":1}', '2025-10-23T06:40:20.246Z', '2025-10-23T06:40:20.246Z');
INSERT INTO answer_options (id, question_id, text, value, weights, created_at, updated_at) VALUES ('cmgyzam8i009zu3ysii6emm84', 'cmgyzam8i009xu3yshtw7hhnh', 'Редко', 2, '{"E_SURPRISE":2}', '2025-10-23T06:40:20.246Z', '2025-10-23T06:40:20.246Z');
INSERT INTO answer_options (id, question_id, text, value, weights, created_at, updated_at) VALUES ('cmgyzam8i00a0u3ys9gdbiama', 'cmgyzam8i009xu3yshtw7hhnh', 'Иногда', 3, '{"E_SURPRISE":3}', '2025-10-23T06:40:20.246Z', '2025-10-23T06:40:20.246Z');
INSERT INTO answer_options (id, question_id, text, value, weights, created_at, updated_at) VALUES ('cmgyzam8i00a1u3yskuih0yxu', 'cmgyzam8i009xu3yshtw7hhnh', 'Часто', 4, '{"E_SURPRISE":4}', '2025-10-23T06:40:20.246Z', '2025-10-23T06:40:20.246Z');
INSERT INTO answer_options (id, question_id, text, value, weights, created_at, updated_at) VALUES ('cmgyzam8i00a2u3ys6fel0d1v', 'cmgyzam8i009xu3yshtw7hhnh', 'Очень часто', 5, '{"E_SURPRISE":5}', '2025-10-23T06:40:20.246Z', '2025-10-23T06:40:20.246Z');
INSERT INTO questions (id, test_id, text, type, `order`, created_at, updated_at) VALUES ('cmgyzam8i00a3u3ys5kxig62a', 'cmgyzam8f007wu3ys9vwgxmj9', 'Какой подарок ты бы выбрал для партнёра на день рождения?', 'single', 14, '2025-10-23T06:40:20.246Z', '2025-10-23T06:40:20.246Z');
INSERT INTO answer_options (id, question_id, text, value, weights, created_at, updated_at) VALUES ('cmgyzam8i00a4u3yshghccudm', 'cmgyzam8i00a3u3ys5kxig62a', 'Дорогой и престижный', 1, '{"G_LUXURY":5}', '2025-10-23T06:40:20.246Z', '2025-10-23T06:40:20.246Z');
INSERT INTO answer_options (id, question_id, text, value, weights, created_at, updated_at) VALUES ('cmgyzam8i00a5u3ys5ndgwl4d', 'cmgyzam8i00a3u3ys5kxig62a', 'Практичный и полезный', 2, '{"G_PRACTICAL":5}', '2025-10-23T06:40:20.246Z', '2025-10-23T06:40:20.246Z');
INSERT INTO answer_options (id, question_id, text, value, weights, created_at, updated_at) VALUES ('cmgyzam8i00a6u3ysbyw2dxls', 'cmgyzam8i00a3u3ys5kxig62a', 'Сделанный своими руками', 3, '{"G_HANDMADE":5}', '2025-10-23T06:40:20.246Z', '2025-10-23T06:40:20.246Z');
INSERT INTO answer_options (id, question_id, text, value, weights, created_at, updated_at) VALUES ('cmgyzam8i00a7u3ystys0nzty', 'cmgyzam8i00a3u3ys5kxig62a', 'Эмоционально значимый', 4, '{"G_EMOTIONAL":5}', '2025-10-23T06:40:20.246Z', '2025-10-23T06:40:20.246Z');
INSERT INTO answer_options (id, question_id, text, value, weights, created_at, updated_at) VALUES ('cmgyzam8i00a8u3ys8vo379qo', 'cmgyzam8i00a3u3ys5kxig62a', 'Опыт или впечатления', 5, '{"G_EXPERIENCE":5}', '2025-10-23T06:40:20.246Z', '2025-10-23T06:40:20.246Z');
INSERT INTO questions (id, test_id, text, type, `order`, created_at, updated_at) VALUES ('cmgyzam8j00a9u3ysbih0mdzh', 'cmgyzam8f007wu3ys9vwgxmj9', 'Что для тебя важнее в подарке?', 'single', 15, '2025-10-23T06:40:20.246Z', '2025-10-23T06:40:20.246Z');
INSERT INTO answer_options (id, question_id, text, value, weights, created_at, updated_at) VALUES ('cmgyzam8j00aau3ys71fzw46p', 'cmgyzam8j00a9u3ysbih0mdzh', 'Стоимость и престиж', 1, '{"G_LUXURY":5}', '2025-10-23T06:40:20.246Z', '2025-10-23T06:40:20.246Z');
INSERT INTO answer_options (id, question_id, text, value, weights, created_at, updated_at) VALUES ('cmgyzam8j00abu3ysac7d5cmw', 'cmgyzam8j00a9u3ysbih0mdzh', 'Практичность и польза', 2, '{"G_PRACTICAL":5}', '2025-10-23T06:40:20.246Z', '2025-10-23T06:40:20.246Z');
INSERT INTO answer_options (id, question_id, text, value, weights, created_at, updated_at) VALUES ('cmgyzam8j00acu3yse926sj0s', 'cmgyzam8j00a9u3ysbih0mdzh', 'Время, потраченное на создание', 3, '{"G_HANDMADE":5}', '2025-10-23T06:40:20.246Z', '2025-10-23T06:40:20.246Z');
INSERT INTO answer_options (id, question_id, text, value, weights, created_at, updated_at) VALUES ('cmgyzam8j00adu3ys48q6s9eb', 'cmgyzam8j00a9u3ysbih0mdzh', 'Эмоциональная ценность', 4, '{"G_EMOTIONAL":5}', '2025-10-23T06:40:20.246Z', '2025-10-23T06:40:20.246Z');
INSERT INTO answer_options (id, question_id, text, value, weights, created_at, updated_at) VALUES ('cmgyzam8j00aeu3ysj78eq1zi', 'cmgyzam8j00a9u3ysbih0mdzh', 'Воспоминания и впечатления', 5, '{"G_EXPERIENCE":5}', '2025-10-23T06:40:20.246Z', '2025-10-23T06:40:20.246Z');
INSERT INTO questions (id, test_id, text, type, `order`, created_at, updated_at) VALUES ('cmgyzam8j00afu3ysdtnd8ajz', 'cmgyzam8f007wu3ys9vwgxmj9', 'Какой подарок ты бы больше всего оценил?', 'single', 16, '2025-10-23T06:40:20.246Z', '2025-10-23T06:40:20.246Z');
INSERT INTO answer_options (id, question_id, text, value, weights, created_at, updated_at) VALUES ('cmgyzam8j00agu3yspt5ucuye', 'cmgyzam8j00afu3ysdtnd8ajz', 'Дорогие украшения или аксессуары', 1, '{"G_LUXURY":5}', '2025-10-23T06:40:20.246Z', '2025-10-23T06:40:20.246Z');
INSERT INTO answer_options (id, question_id, text, value, weights, created_at, updated_at) VALUES ('cmgyzam8j00ahu3yslamqvd7p', 'cmgyzam8j00afu3ysdtnd8ajz', 'Полезные вещи для дома', 2, '{"G_PRACTICAL":5}', '2025-10-23T06:40:20.246Z', '2025-10-23T06:40:20.246Z');
INSERT INTO answer_options (id, question_id, text, value, weights, created_at, updated_at) VALUES ('cmgyzam8j00aiu3yspxa5fb5e', 'cmgyzam8j00afu3ysdtnd8ajz', 'Что-то, сделанное вручную', 3, '{"G_HANDMADE":5}', '2025-10-23T06:40:20.246Z', '2025-10-23T06:40:20.246Z');
INSERT INTO answer_options (id, question_id, text, value, weights, created_at, updated_at) VALUES ('cmgyzam8j00aju3ysi8ge5ac3', 'cmgyzam8j00afu3ysdtnd8ajz', 'Что-то, связанное с нашими воспоминаниями', 4, '{"G_EMOTIONAL":5}', '2025-10-23T06:40:20.246Z', '2025-10-23T06:40:20.246Z');
INSERT INTO answer_options (id, question_id, text, value, weights, created_at, updated_at) VALUES ('cmgyzam8j00aku3ysv3vvn078', 'cmgyzam8j00afu3ysdtnd8ajz', 'Билеты на концерт или путешествие', 5, '{"G_EXPERIENCE":5}', '2025-10-23T06:40:20.246Z', '2025-10-23T06:40:20.246Z');
INSERT INTO questions (id, test_id, text, type, `order`, created_at, updated_at) VALUES ('cmgyzam8j00alu3yscucvz4bg', 'cmgyzam8f007wu3ys9vwgxmj9', 'Как часто ты даришь подарки без повода?', 'scale', 17, '2025-10-23T06:40:20.246Z', '2025-10-23T06:40:20.246Z');
INSERT INTO answer_options (id, question_id, text, value, weights, created_at, updated_at) VALUES ('cmgyzam8j00amu3yscqv8cx96', 'cmgyzam8j00alu3yscucvz4bg', 'Никогда', 1, '{"G_SPONTANEOUS":1}', '2025-10-23T06:40:20.246Z', '2025-10-23T06:40:20.246Z');
INSERT INTO answer_options (id, question_id, text, value, weights, created_at, updated_at) VALUES ('cmgyzam8j00anu3ysw8x0xnrv', 'cmgyzam8j00alu3yscucvz4bg', 'Редко', 2, '{"G_SPONTANEOUS":2}', '2025-10-23T06:40:20.246Z', '2025-10-23T06:40:20.246Z');
INSERT INTO answer_options (id, question_id, text, value, weights, created_at, updated_at) VALUES ('cmgyzam8j00aou3ysjeqlea9t', 'cmgyzam8j00alu3yscucvz4bg', 'Иногда', 3, '{"G_SPONTANEOUS":3}', '2025-10-23T06:40:20.246Z', '2025-10-23T06:40:20.246Z');
INSERT INTO answer_options (id, question_id, text, value, weights, created_at, updated_at) VALUES ('cmgyzam8j00apu3yss7285byv', 'cmgyzam8j00alu3yscucvz4bg', 'Часто', 4, '{"G_SPONTANEOUS":4}', '2025-10-23T06:40:20.246Z', '2025-10-23T06:40:20.246Z');
INSERT INTO answer_options (id, question_id, text, value, weights, created_at, updated_at) VALUES ('cmgyzam8j00aqu3ys9qbo25lu', 'cmgyzam8j00alu3yscucvz4bg', 'Очень часто', 5, '{"G_SPONTANEOUS":5}', '2025-10-23T06:40:20.246Z', '2025-10-23T06:40:20.246Z');
INSERT INTO questions (id, test_id, text, type, `order`, created_at, updated_at) VALUES ('cmgyzam8j00aru3yshazjp8lr', 'cmgyzam8f007wu3ys9vwgxmj9', 'Какой подарок лучше всего показывает твою любовь?', 'single', 18, '2025-10-23T06:40:20.246Z', '2025-10-23T06:40:20.246Z');
INSERT INTO answer_options (id, question_id, text, value, weights, created_at, updated_at) VALUES ('cmgyzam8j00asu3ysqfkhf9bu', 'cmgyzam8j00aru3yshazjp8lr', 'Дорогой и роскошный', 1, '{"G_LUXURY":5}', '2025-10-23T06:40:20.246Z', '2025-10-23T06:40:20.246Z');
INSERT INTO answer_options (id, question_id, text, value, weights, created_at, updated_at) VALUES ('cmgyzam8j00atu3ysgxz92moz', 'cmgyzam8j00aru3yshazjp8lr', 'Полезный и нужный', 2, '{"G_PRACTICAL":5}', '2025-10-23T06:40:20.246Z', '2025-10-23T06:40:20.246Z');
INSERT INTO answer_options (id, question_id, text, value, weights, created_at, updated_at) VALUES ('cmgyzam8j00auu3ysho0awf2w', 'cmgyzam8j00aru3yshazjp8lr', 'Сделанный с душой', 3, '{"G_HANDMADE":5}', '2025-10-23T06:40:20.246Z', '2025-10-23T06:40:20.246Z');
INSERT INTO answer_options (id, question_id, text, value, weights, created_at, updated_at) VALUES ('cmgyzam8j00avu3ysbdgleitq', 'cmgyzam8j00aru3yshazjp8lr', 'Связанный с нашими отношениями', 4, '{"G_EMOTIONAL":5}', '2025-10-23T06:40:20.246Z', '2025-10-23T06:40:20.246Z');
INSERT INTO answer_options (id, question_id, text, value, weights, created_at, updated_at) VALUES ('cmgyzam8j00awu3ysjpnu4ony', 'cmgyzam8j00aru3yshazjp8lr', 'Создающий новые воспоминания', 5, '{"G_EXPERIENCE":5}', '2025-10-23T06:40:20.246Z', '2025-10-23T06:40:20.246Z');
INSERT INTO questions (id, test_id, text, type, `order`, created_at, updated_at) VALUES ('cmgyzam8j00axu3ysoqu495x9', 'cmgyzam8f007wu3ys9vwgxmj9', 'Что ты думаешь о дорогих подарках?', 'scale', 19, '2025-10-23T06:40:20.246Z', '2025-10-23T06:40:20.246Z');
INSERT INTO answer_options (id, question_id, text, value, weights, created_at, updated_at) VALUES ('cmgyzam8j00ayu3yspj12wbds', 'cmgyzam8j00axu3ysoqu495x9', 'Не важны вообще', 1, '{"G_LUXURY":1}', '2025-10-23T06:40:20.246Z', '2025-10-23T06:40:20.246Z');
INSERT INTO answer_options (id, question_id, text, value, weights, created_at, updated_at) VALUES ('cmgyzam8j00azu3ysnbd6ffn3', 'cmgyzam8j00axu3ysoqu495x9', 'Не очень важны', 2, '{"G_LUXURY":2}', '2025-10-23T06:40:20.246Z', '2025-10-23T06:40:20.246Z');
INSERT INTO answer_options (id, question_id, text, value, weights, created_at, updated_at) VALUES ('cmgyzam8j00b0u3ys8mqibckn', 'cmgyzam8j00axu3ysoqu495x9', 'Нейтрально', 3, '{"G_LUXURY":3}', '2025-10-23T06:40:20.246Z', '2025-10-23T06:40:20.246Z');
INSERT INTO answer_options (id, question_id, text, value, weights, created_at, updated_at) VALUES ('cmgyzam8j00b1u3ysk9zzdnyz', 'cmgyzam8j00axu3ysoqu495x9', 'Довольно важны', 4, '{"G_LUXURY":4}', '2025-10-23T06:40:20.246Z', '2025-10-23T06:40:20.246Z');
INSERT INTO answer_options (id, question_id, text, value, weights, created_at, updated_at) VALUES ('cmgyzam8j00b2u3ysxaxfnqha', 'cmgyzam8j00axu3ysoqu495x9', 'Очень важны', 5, '{"G_LUXURY":5}', '2025-10-23T06:40:20.246Z', '2025-10-23T06:40:20.246Z');
INSERT INTO questions (id, test_id, text, type, `order`, created_at, updated_at) VALUES ('cmgyzam8j00b3u3ys45cpdu1i', 'cmgyzam8f007wu3ys9vwgxmj9', 'Какой подарок ты бы сделал на годовщину отношений?', 'single', 20, '2025-10-23T06:40:20.246Z', '2025-10-23T06:40:20.246Z');
INSERT INTO answer_options (id, question_id, text, value, weights, created_at, updated_at) VALUES ('cmgyzam8j00b4u3ys6bjgzp4m', 'cmgyzam8j00b3u3ys45cpdu1i', 'Дорогие украшения', 1, '{"G_LUXURY":5}', '2025-10-23T06:40:20.246Z', '2025-10-23T06:40:20.246Z');
INSERT INTO answer_options (id, question_id, text, value, weights, created_at, updated_at) VALUES ('cmgyzam8j00b5u3yssi2tj4gs', 'cmgyzam8j00b3u3ys45cpdu1i', 'Что-то практичное для дома', 2, '{"G_PRACTICAL":5}', '2025-10-23T06:40:20.246Z', '2025-10-23T06:40:20.246Z');
INSERT INTO answer_options (id, question_id, text, value, weights, created_at, updated_at) VALUES ('cmgyzam8j00b6u3ys9dxvui3z', 'cmgyzam8j00b3u3ys45cpdu1i', 'Альбом с фотографиями', 3, '{"G_HANDMADE":5}', '2025-10-23T06:40:20.246Z', '2025-10-23T06:40:20.246Z');
INSERT INTO answer_options (id, question_id, text, value, weights, created_at, updated_at) VALUES ('cmgyzam8j00b7u3yssi8w9dqz', 'cmgyzam8j00b3u3ys45cpdu1i', 'Что-то, напоминающее о наших моментах', 4, '{"G_EMOTIONAL":5}', '2025-10-23T06:40:20.246Z', '2025-10-23T06:40:20.246Z');
INSERT INTO answer_options (id, question_id, text, value, weights, created_at, updated_at) VALUES ('cmgyzam8j00b8u3ysvqws5xz5', 'cmgyzam8j00b3u3ys45cpdu1i', 'Романтическое путешествие', 5, '{"G_EXPERIENCE":5}', '2025-10-23T06:40:20.246Z', '2025-10-23T06:40:20.246Z');
INSERT INTO questions (id, test_id, text, type, `order`, created_at, updated_at) VALUES ('cmgyzam8j00b9u3yscelca7wa', 'cmgyzam8f007wu3ys9vwgxmj9', 'Что важнее: цена подарка или мысль, вложенная в него?', 'single', 21, '2025-10-23T06:40:20.246Z', '2025-10-23T06:40:20.246Z');
INSERT INTO answer_options (id, question_id, text, value, weights, created_at, updated_at) VALUES ('cmgyzam8j00bau3ysllsy6s65', 'cmgyzam8j00b9u3yscelca7wa', 'Цена важнее', 1, '{"G_LUXURY":5}', '2025-10-23T06:40:20.246Z', '2025-10-23T06:40:20.246Z');
INSERT INTO answer_options (id, question_id, text, value, weights, created_at, updated_at) VALUES ('cmgyzam8j00bbu3ys643pffq1', 'cmgyzam8j00b9u3yscelca7wa', 'Практичность важнее', 2, '{"G_PRACTICAL":5}', '2025-10-23T06:40:20.246Z', '2025-10-23T06:40:20.246Z');
INSERT INTO answer_options (id, question_id, text, value, weights, created_at, updated_at) VALUES ('cmgyzam8j00bcu3ysh39wwp6l', 'cmgyzam8j00b9u3yscelca7wa', 'Время, потраченное на создание', 3, '{"G_HANDMADE":5}', '2025-10-23T06:40:20.246Z', '2025-10-23T06:40:20.246Z');
INSERT INTO answer_options (id, question_id, text, value, weights, created_at, updated_at) VALUES ('cmgyzam8j00bdu3ysyeqoi26w', 'cmgyzam8j00b9u3yscelca7wa', 'Эмоциональная значимость', 4, '{"G_EMOTIONAL":5}', '2025-10-23T06:40:20.246Z', '2025-10-23T06:40:20.246Z');
INSERT INTO answer_options (id, question_id, text, value, weights, created_at, updated_at) VALUES ('cmgyzam8j00beu3ysxxz5g9zy', 'cmgyzam8j00b9u3yscelca7wa', 'Впечатления и воспоминания', 5, '{"G_EXPERIENCE":5}', '2025-10-23T06:40:20.246Z', '2025-10-23T06:40:20.246Z');
INSERT INTO questions (id, test_id, text, type, `order`, created_at, updated_at) VALUES ('cmgyzam8j00bfu3yslse2zn40', 'cmgyzam8f007wu3ys9vwgxmj9', 'Как ты предпочитаешь получать подарки?', 'single', 22, '2025-10-23T06:40:20.246Z', '2025-10-23T06:40:20.246Z');
INSERT INTO answer_options (id, question_id, text, value, weights, created_at, updated_at) VALUES ('cmgyzam8j00bgu3ysxp06p2xc', 'cmgyzam8j00bfu3yslse2zn40', 'Дорогие и престижные', 1, '{"G_LUXURY":5}', '2025-10-23T06:40:20.246Z', '2025-10-23T06:40:20.246Z');
INSERT INTO answer_options (id, question_id, text, value, weights, created_at, updated_at) VALUES ('cmgyzam8j00bhu3ysh4pfks9h', 'cmgyzam8j00bfu3yslse2zn40', 'Полезные и практичные', 2, '{"G_PRACTICAL":5}', '2025-10-23T06:40:20.246Z', '2025-10-23T06:40:20.246Z');
INSERT INTO answer_options (id, question_id, text, value, weights, created_at, updated_at) VALUES ('cmgyzam8j00biu3ysumfp50x6', 'cmgyzam8j00bfu3yslse2zn40', 'Сделанные своими руками', 3, '{"G_HANDMADE":5}', '2025-10-23T06:40:20.246Z', '2025-10-23T06:40:20.246Z');
INSERT INTO answer_options (id, question_id, text, value, weights, created_at, updated_at) VALUES ('cmgyzam8j00bju3ys1lq6r4s3', 'cmgyzam8j00bfu3yslse2zn40', 'Эмоционально значимые', 4, '{"G_EMOTIONAL":5}', '2025-10-23T06:40:20.246Z', '2025-10-23T06:40:20.246Z');
INSERT INTO answer_options (id, question_id, text, value, weights, created_at, updated_at) VALUES ('cmgyzam8j00bku3ysrgx6jihl', 'cmgyzam8j00bfu3yslse2zn40', 'Опыты и впечатления', 5, '{"G_EXPERIENCE":5}', '2025-10-23T06:40:20.246Z', '2025-10-23T06:40:20.246Z');
INSERT INTO questions (id, test_id, text, type, `order`, created_at, updated_at) VALUES ('cmgyzam8j00blu3ysh4wbv3xf', 'cmgyzam8f007wu3ys9vwgxmj9', 'Как часто ты даришь цветы?', 'scale', 23, '2025-10-23T06:40:20.246Z', '2025-10-23T06:40:20.246Z');
INSERT INTO answer_options (id, question_id, text, value, weights, created_at, updated_at) VALUES ('cmgyzam8j00bmu3ysa8sta8gt', 'cmgyzam8j00blu3ysh4wbv3xf', 'Никогда', 1, '{"G_TRADITIONAL":1}', '2025-10-23T06:40:20.246Z', '2025-10-23T06:40:20.246Z');
INSERT INTO answer_options (id, question_id, text, value, weights, created_at, updated_at) VALUES ('cmgyzam8j00bnu3yso7xghb4x', 'cmgyzam8j00blu3ysh4wbv3xf', 'Редко', 2, '{"G_TRADITIONAL":2}', '2025-10-23T06:40:20.246Z', '2025-10-23T06:40:20.246Z');
INSERT INTO answer_options (id, question_id, text, value, weights, created_at, updated_at) VALUES ('cmgyzam8j00bou3ys5gt4gg3r', 'cmgyzam8j00blu3ysh4wbv3xf', 'Иногда', 3, '{"G_TRADITIONAL":3}', '2025-10-23T06:40:20.246Z', '2025-10-23T06:40:20.246Z');
INSERT INTO answer_options (id, question_id, text, value, weights, created_at, updated_at) VALUES ('cmgyzam8j00bpu3ys764gxr07', 'cmgyzam8j00blu3ysh4wbv3xf', 'Часто', 4, '{"G_TRADITIONAL":4}', '2025-10-23T06:40:20.246Z', '2025-10-23T06:40:20.246Z');
INSERT INTO answer_options (id, question_id, text, value, weights, created_at, updated_at) VALUES ('cmgyzam8j00bqu3ysinqe4wi4', 'cmgyzam8j00blu3ysh4wbv3xf', 'Очень часто', 5, '{"G_TRADITIONAL":5}', '2025-10-23T06:40:20.246Z', '2025-10-23T06:40:20.246Z');
INSERT INTO questions (id, test_id, text, type, `order`, created_at, updated_at) VALUES ('cmgyzam8j00bru3ysrw2p4kej', 'cmgyzam8f007wu3ys9vwgxmj9', 'Какой подарок лучше всего подходит для извинения?', 'single', 24, '2025-10-23T06:40:20.246Z', '2025-10-23T06:40:20.246Z');
INSERT INTO answer_options (id, question_id, text, value, weights, created_at, updated_at) VALUES ('cmgyzam8j00bsu3ysfmo5kli4', 'cmgyzam8j00bru3ysrw2p4kej', 'Дорогой подарок', 1, '{"G_LUXURY":5}', '2025-10-23T06:40:20.246Z', '2025-10-23T06:40:20.246Z');
INSERT INTO answer_options (id, question_id, text, value, weights, created_at, updated_at) VALUES ('cmgyzam8k00btu3ysbu6txvlb', 'cmgyzam8j00bru3ysrw2p4kej', 'Что-то полезное', 2, '{"G_PRACTICAL":5}', '2025-10-23T06:40:20.246Z', '2025-10-23T06:40:20.246Z');
INSERT INTO answer_options (id, question_id, text, value, weights, created_at, updated_at) VALUES ('cmgyzam8k00buu3ysqw7mw4ed', 'cmgyzam8j00bru3ysrw2p4kej', 'Сделанное своими руками', 3, '{"G_HANDMADE":5}', '2025-10-23T06:40:20.246Z', '2025-10-23T06:40:20.246Z');
INSERT INTO answer_options (id, question_id, text, value, weights, created_at, updated_at) VALUES ('cmgyzam8k00bvu3ysr6hr6gam', 'cmgyzam8j00bru3ysrw2p4kej', 'Символизирующее наши отношения', 4, '{"G_EMOTIONAL":5}', '2025-10-23T06:40:20.246Z', '2025-10-23T06:40:20.246Z');
INSERT INTO answer_options (id, question_id, text, value, weights, created_at, updated_at) VALUES ('cmgyzam8k00bwu3ys7mpknsz9', 'cmgyzam8j00bru3ysrw2p4kej', 'Время, проведённое вместе', 5, '{"G_EXPERIENCE":5}', '2025-10-23T06:40:20.246Z', '2025-10-23T06:40:20.246Z');
INSERT INTO questions (id, test_id, text, type, `order`, created_at, updated_at) VALUES ('cmgyzam8k00bxu3ysvpzvenie', 'cmgyzam8f007wu3ys9vwgxmj9', 'Что ты думаешь о традиционных подарках (цветы, конфеты)?', 'scale', 25, '2025-10-23T06:40:20.246Z', '2025-10-23T06:40:20.246Z');
INSERT INTO answer_options (id, question_id, text, value, weights, created_at, updated_at) VALUES ('cmgyzam8k00byu3yshmi0qa2e', 'cmgyzam8k00bxu3ysvpzvenie', 'Не нравятся', 1, '{"G_TRADITIONAL":1}', '2025-10-23T06:40:20.246Z', '2025-10-23T06:40:20.246Z');
INSERT INTO answer_options (id, question_id, text, value, weights, created_at, updated_at) VALUES ('cmgyzam8k00bzu3yspbrpuj0k', 'cmgyzam8k00bxu3ysvpzvenie', 'Не очень нравятся', 2, '{"G_TRADITIONAL":2}', '2025-10-23T06:40:20.246Z', '2025-10-23T06:40:20.246Z');
INSERT INTO answer_options (id, question_id, text, value, weights, created_at, updated_at) VALUES ('cmgyzam8k00c0u3ysccbcgxaw', 'cmgyzam8k00bxu3ysvpzvenie', 'Нейтрально', 3, '{"G_TRADITIONAL":3}', '2025-10-23T06:40:20.246Z', '2025-10-23T06:40:20.246Z');
INSERT INTO answer_options (id, question_id, text, value, weights, created_at, updated_at) VALUES ('cmgyzam8k00c1u3ysbxtgm4zb', 'cmgyzam8k00bxu3ysvpzvenie', 'Нравятся', 4, '{"G_TRADITIONAL":4}', '2025-10-23T06:40:20.246Z', '2025-10-23T06:40:20.246Z');
INSERT INTO answer_options (id, question_id, text, value, weights, created_at, updated_at) VALUES ('cmgyzam8k00c2u3ysd7dw2v80', 'cmgyzam8k00bxu3ysvpzvenie', 'Очень нравятся', 5, '{"G_TRADITIONAL":5}', '2025-10-23T06:40:20.246Z', '2025-10-23T06:40:20.246Z');
INSERT INTO questions (id, test_id, text, type, `order`, created_at, updated_at) VALUES ('cmgyzam8k00c3u3ysmjsu2280', 'cmgyzam8f007wu3ys9vwgxmj9', 'Какое свидание ты считаешь идеальным?', 'single', 26, '2025-10-23T06:40:20.246Z', '2025-10-23T06:40:20.246Z');
INSERT INTO answer_options (id, question_id, text, value, weights, created_at, updated_at) VALUES ('cmgyzam8k00c4u3ysx7frse4r', 'cmgyzam8k00c3u3ysmjsu2280', 'Дорогой ресторан и театр', 1, '{"D_LUXURY":5}', '2025-10-23T06:40:20.246Z', '2025-10-23T06:40:20.246Z');
INSERT INTO answer_options (id, question_id, text, value, weights, created_at, updated_at) VALUES ('cmgyzam8k00c5u3ysdcx0xm4v', 'cmgyzam8k00c3u3ysmjsu2280', 'Домашний ужин и фильм', 2, '{"D_HOMEY":5}', '2025-10-23T06:40:20.246Z', '2025-10-23T06:40:20.246Z');
INSERT INTO answer_options (id, question_id, text, value, weights, created_at, updated_at) VALUES ('cmgyzam8k00c6u3ysyhucuwks', 'cmgyzam8k00c3u3ysmjsu2280', 'Активный отдых на природе', 3, '{"D_ACTIVE":5}', '2025-10-23T06:40:20.246Z', '2025-10-23T06:40:20.246Z');
INSERT INTO answer_options (id, question_id, text, value, weights, created_at, updated_at) VALUES ('cmgyzam8k00c7u3ysjpygtar9', 'cmgyzam8k00c3u3ysmjsu2280', 'Романтическая прогулка', 4, '{"D_ROMANTIC":5}', '2025-10-23T06:40:20.246Z', '2025-10-23T06:40:20.246Z');
INSERT INTO answer_options (id, question_id, text, value, weights, created_at, updated_at) VALUES ('cmgyzam8k00c8u3ysjyykfofd', 'cmgyzam8k00c3u3ysmjsu2280', 'Путешествие или поездка', 5, '{"D_ADVENTURE":5}', '2025-10-23T06:40:20.246Z', '2025-10-23T06:40:20.246Z');
INSERT INTO questions (id, test_id, text, type, `order`, created_at, updated_at) VALUES ('cmgyzam8k00c9u3yssxikrmyr', 'cmgyzam8f007wu3ys9vwgxmj9', 'Где ты предпочитаешь проводить свидания?', 'single', 27, '2025-10-23T06:40:20.246Z', '2025-10-23T06:40:20.246Z');
INSERT INTO answer_options (id, question_id, text, value, weights, created_at, updated_at) VALUES ('cmgyzam8k00cau3yspacyk4m7', 'cmgyzam8k00c9u3yssxikrmyr', 'В дорогих местах', 1, '{"D_LUXURY":5}', '2025-10-23T06:40:20.246Z', '2025-10-23T06:40:20.246Z');
INSERT INTO answer_options (id, question_id, text, value, weights, created_at, updated_at) VALUES ('cmgyzam8k00cbu3ysuo50t5hy', 'cmgyzam8k00c9u3yssxikrmyr', 'Дома, в уютной обстановке', 2, '{"D_HOMEY":5}', '2025-10-23T06:40:20.246Z', '2025-10-23T06:40:20.246Z');
INSERT INTO answer_options (id, question_id, text, value, weights, created_at, updated_at) VALUES ('cmgyzam8k00ccu3yses6q7wz7', 'cmgyzam8k00c9u3yssxikrmyr', 'На природе или в парке', 3, '{"D_ACTIVE":5}', '2025-10-23T06:40:20.246Z', '2025-10-23T06:40:20.246Z');
INSERT INTO answer_options (id, question_id, text, value, weights, created_at, updated_at) VALUES ('cmgyzam8k00cdu3yslflucz8e', 'cmgyzam8k00c9u3yssxikrmyr', 'В романтических местах', 4, '{"D_ROMANTIC":5}', '2025-10-23T06:40:20.246Z', '2025-10-23T06:40:20.246Z');
INSERT INTO answer_options (id, question_id, text, value, weights, created_at, updated_at) VALUES ('cmgyzam8k00ceu3ysng0ngfmt', 'cmgyzam8k00c9u3yssxikrmyr', 'В новых и необычных местах', 5, '{"D_ADVENTURE":5}', '2025-10-23T06:40:20.246Z', '2025-10-23T06:40:20.246Z');
INSERT INTO questions (id, test_id, text, type, `order`, created_at, updated_at) VALUES ('cmgyzam8k00cfu3yszwlk36t0', 'cmgyzam8f007wu3ys9vwgxmj9', 'Как часто ты планируешь свидания?', 'scale', 28, '2025-10-23T06:40:20.246Z', '2025-10-23T06:40:20.246Z');
INSERT INTO answer_options (id, question_id, text, value, weights, created_at, updated_at) VALUES ('cmgyzam8k00cgu3ys7yxt282d', 'cmgyzam8k00cfu3yszwlk36t0', 'Никогда', 1, '{"D_PLANNING":1}', '2025-10-23T06:40:20.246Z', '2025-10-23T06:40:20.246Z');
INSERT INTO answer_options (id, question_id, text, value, weights, created_at, updated_at) VALUES ('cmgyzam8k00chu3ysxz54fsfm', 'cmgyzam8k00cfu3yszwlk36t0', 'Редко', 2, '{"D_PLANNING":2}', '2025-10-23T06:40:20.246Z', '2025-10-23T06:40:20.246Z');
INSERT INTO answer_options (id, question_id, text, value, weights, created_at, updated_at) VALUES ('cmgyzam8k00ciu3ysbfgn7gxd', 'cmgyzam8k00cfu3yszwlk36t0', 'Иногда', 3, '{"D_PLANNING":3}', '2025-10-23T06:40:20.246Z', '2025-10-23T06:40:20.246Z');
INSERT INTO answer_options (id, question_id, text, value, weights, created_at, updated_at) VALUES ('cmgyzam8k00cju3ys7tvai1vo', 'cmgyzam8k00cfu3yszwlk36t0', 'Часто', 4, '{"D_PLANNING":4}', '2025-10-23T06:40:20.246Z', '2025-10-23T06:40:20.246Z');
INSERT INTO answer_options (id, question_id, text, value, weights, created_at, updated_at) VALUES ('cmgyzam8k00cku3ysj4h016o9', 'cmgyzam8k00cfu3yszwlk36t0', 'Очень часто', 5, '{"D_PLANNING":5}', '2025-10-23T06:40:20.246Z', '2025-10-23T06:40:20.246Z');
INSERT INTO questions (id, test_id, text, type, `order`, created_at, updated_at) VALUES ('cmgyzam8k00clu3ysjb6b2mi3', 'cmgyzam8f007wu3ys9vwgxmj9', 'Что для тебя важнее в свидании?', 'single', 29, '2025-10-23T06:40:20.246Z', '2025-10-23T06:40:20.246Z');
INSERT INTO answer_options (id, question_id, text, value, weights, created_at, updated_at) VALUES ('cmgyzam8k00cmu3ysuqpqyjfp', 'cmgyzam8k00clu3ysjb6b2mi3', 'Престиж и статус места', 1, '{"D_LUXURY":5}', '2025-10-23T06:40:20.246Z', '2025-10-23T06:40:20.246Z');
INSERT INTO answer_options (id, question_id, text, value, weights, created_at, updated_at) VALUES ('cmgyzam8k00cnu3yslll3zb9q', 'cmgyzam8k00clu3ysjb6b2mi3', 'Уют и комфорт', 2, '{"D_HOMEY":5}', '2025-10-23T06:40:20.246Z', '2025-10-23T06:40:20.246Z');
INSERT INTO answer_options (id, question_id, text, value, weights, created_at, updated_at) VALUES ('cmgyzam8k00cou3ysr7ctb38b', 'cmgyzam8k00clu3ysjb6b2mi3', 'Активность и движение', 3, '{"D_ACTIVE":5}', '2025-10-23T06:40:20.246Z', '2025-10-23T06:40:20.246Z');
INSERT INTO answer_options (id, question_id, text, value, weights, created_at, updated_at) VALUES ('cmgyzam8k00cpu3yst34qhjp2', 'cmgyzam8k00clu3ysjb6b2mi3', 'Романтика и атмосфера', 4, '{"D_ROMANTIC":5}', '2025-10-23T06:40:20.246Z', '2025-10-23T06:40:20.246Z');
INSERT INTO answer_options (id, question_id, text, value, weights, created_at, updated_at) VALUES ('cmgyzam8k00cqu3ys4vol384r', 'cmgyzam8k00clu3ysjb6b2mi3', 'Новые впечатления', 5, '{"D_ADVENTURE":5}', '2025-10-23T06:40:20.246Z', '2025-10-23T06:40:20.246Z');
INSERT INTO questions (id, test_id, text, type, `order`, created_at, updated_at) VALUES ('cmgyzam8k00cru3ysa9ob09rb', 'cmgyzam8f007wu3ys9vwgxmj9', 'Какой тип свидания ты предпочитаешь?', 'single', 30, '2025-10-23T06:40:20.246Z', '2025-10-23T06:40:20.246Z');
INSERT INTO answer_options (id, question_id, text, value, weights, created_at, updated_at) VALUES ('cmgyzam8k00csu3yslc9ruovv', 'cmgyzam8k00cru3ysa9ob09rb', 'Формальное и элегантное', 1, '{"D_LUXURY":5}', '2025-10-23T06:40:20.246Z', '2025-10-23T06:40:20.246Z');
INSERT INTO answer_options (id, question_id, text, value, weights, created_at, updated_at) VALUES ('cmgyzam8k00ctu3ysy4nvrawi', 'cmgyzam8k00cru3ysa9ob09rb', 'Неформальное и расслабленное', 2, '{"D_HOMEY":5}', '2025-10-23T06:40:20.246Z', '2025-10-23T06:40:20.246Z');
INSERT INTO answer_options (id, question_id, text, value, weights, created_at, updated_at) VALUES ('cmgyzam8k00cuu3ysqlmrrpji', 'cmgyzam8k00cru3ysa9ob09rb', 'Активное и энергичное', 3, '{"D_ACTIVE":5}', '2025-10-23T06:40:20.246Z', '2025-10-23T06:40:20.246Z');
INSERT INTO answer_options (id, question_id, text, value, weights, created_at, updated_at) VALUES ('cmgyzam8k00cvu3yshqm51uz8', 'cmgyzam8k00cru3ysa9ob09rb', 'Романтическое и нежное', 4, '{"D_ROMANTIC":5}', '2025-10-23T06:40:20.246Z', '2025-10-23T06:40:20.246Z');
INSERT INTO answer_options (id, question_id, text, value, weights, created_at, updated_at) VALUES ('cmgyzam8k00cwu3ys2ernpqcw', 'cmgyzam8k00cru3ysa9ob09rb', 'Приключенческое и необычное', 5, '{"D_ADVENTURE":5}', '2025-10-23T06:40:20.246Z', '2025-10-23T06:40:20.246Z');
INSERT INTO questions (id, test_id, text, type, `order`, created_at, updated_at) VALUES ('cmgyzam8k00cxu3ysslr1w0l9', 'cmgyzam8f007wu3ys9vwgxmj9', 'Как ты планируешь романтические вечера?', 'single', 31, '2025-10-23T06:40:20.246Z', '2025-10-23T06:40:20.246Z');
INSERT INTO answer_options (id, question_id, text, value, weights, created_at, updated_at) VALUES ('cmgyzam8k00cyu3ys0ql5n6by', 'cmgyzam8k00cxu3ysslr1w0l9', 'Бронирую дорогие рестораны', 1, '{"D_LUXURY":5}', '2025-10-23T06:40:20.246Z', '2025-10-23T06:40:20.246Z');
INSERT INTO answer_options (id, question_id, text, value, weights, created_at, updated_at) VALUES ('cmgyzam8k00czu3ysco5cr0pl', 'cmgyzam8k00cxu3ysslr1w0l9', 'Готовлю дома что-то особенное', 2, '{"D_HOMEY":5}', '2025-10-23T06:40:20.246Z', '2025-10-23T06:40:20.246Z');
INSERT INTO answer_options (id, question_id, text, value, weights, created_at, updated_at) VALUES ('cmgyzam8k00d0u3ys00i7zogj', 'cmgyzam8k00cxu3ysslr1w0l9', 'Планирую активные развлечения', 3, '{"D_ACTIVE":5}', '2025-10-23T06:40:20.246Z', '2025-10-23T06:40:20.246Z');
INSERT INTO answer_options (id, question_id, text, value, weights, created_at, updated_at) VALUES ('cmgyzam8k00d1u3ysw5m8r02y', 'cmgyzam8k00cxu3ysslr1w0l9', 'Создаю романтическую атмосферу', 4, '{"D_ROMANTIC":5}', '2025-10-23T06:40:20.246Z', '2025-10-23T06:40:20.246Z');
INSERT INTO answer_options (id, question_id, text, value, weights, created_at, updated_at) VALUES ('cmgyzam8k00d2u3ysc99sfvvo', 'cmgyzam8k00cxu3ysslr1w0l9', 'Ищу новые интересные места', 5, '{"D_ADVENTURE":5}', '2025-10-23T06:40:20.246Z', '2025-10-23T06:40:20.246Z');
INSERT INTO questions (id, test_id, text, type, `order`, created_at, updated_at) VALUES ('cmgyzam8k00d3u3ysl0ok3yrc', 'cmgyzam8f007wu3ys9vwgxmj9', 'Что делает свидание особенным для тебя?', 'single', 32, '2025-10-23T06:40:20.246Z', '2025-10-23T06:40:20.246Z');
INSERT INTO answer_options (id, question_id, text, value, weights, created_at, updated_at) VALUES ('cmgyzam8k00d4u3ys51q71cvi', 'cmgyzam8k00d3u3ysl0ok3yrc', 'Дорогие и престижные места', 1, '{"D_LUXURY":5}', '2025-10-23T06:40:20.246Z', '2025-10-23T06:40:20.246Z');
INSERT INTO answer_options (id, question_id, text, value, weights, created_at, updated_at) VALUES ('cmgyzam8k00d5u3yskp1ka3d7', 'cmgyzam8k00d3u3ysl0ok3yrc', 'Уютная домашняя атмосфера', 2, '{"D_HOMEY":5}', '2025-10-23T06:40:20.246Z', '2025-10-23T06:40:20.246Z');
INSERT INTO answer_options (id, question_id, text, value, weights, created_at, updated_at) VALUES ('cmgyzam8k00d6u3ysgib9i24t', 'cmgyzam8k00d3u3ysl0ok3yrc', 'Активность и движение', 3, '{"D_ACTIVE":5}', '2025-10-23T06:40:20.246Z', '2025-10-23T06:40:20.246Z');
INSERT INTO answer_options (id, question_id, text, value, weights, created_at, updated_at) VALUES ('cmgyzam8k00d7u3ys0tlb75ne', 'cmgyzam8k00d3u3ysl0ok3yrc', 'Романтическая обстановка', 4, '{"D_ROMANTIC":5}', '2025-10-23T06:40:20.246Z', '2025-10-23T06:40:20.246Z');
INSERT INTO answer_options (id, question_id, text, value, weights, created_at, updated_at) VALUES ('cmgyzam8k00d8u3ysp9s2nqce', 'cmgyzam8k00d3u3ysl0ok3yrc', 'Новые впечатления и приключения', 5, '{"D_ADVENTURE":5}', '2025-10-23T06:40:20.246Z', '2025-10-23T06:40:20.246Z');
INSERT INTO questions (id, test_id, text, type, `order`, created_at, updated_at) VALUES ('cmgyzam8k00d9u3ys9gyjf91h', 'cmgyzam8f007wu3ys9vwgxmj9', 'Как часто ты устраиваешь сюрпризы на свиданиях?', 'scale', 33, '2025-10-23T06:40:20.246Z', '2025-10-23T06:40:20.246Z');
INSERT INTO answer_options (id, question_id, text, value, weights, created_at, updated_at) VALUES ('cmgyzam8k00dau3ysur1s9sit', 'cmgyzam8k00d9u3ys9gyjf91h', 'Никогда', 1, '{"D_SURPRISE":1}', '2025-10-23T06:40:20.246Z', '2025-10-23T06:40:20.246Z');
INSERT INTO answer_options (id, question_id, text, value, weights, created_at, updated_at) VALUES ('cmgyzam8k00dbu3ysl5e3cbp2', 'cmgyzam8k00d9u3ys9gyjf91h', 'Редко', 2, '{"D_SURPRISE":2}', '2025-10-23T06:40:20.246Z', '2025-10-23T06:40:20.246Z');
INSERT INTO answer_options (id, question_id, text, value, weights, created_at, updated_at) VALUES ('cmgyzam8k00dcu3ys7n5acgc6', 'cmgyzam8k00d9u3ys9gyjf91h', 'Иногда', 3, '{"D_SURPRISE":3}', '2025-10-23T06:40:20.246Z', '2025-10-23T06:40:20.246Z');
INSERT INTO answer_options (id, question_id, text, value, weights, created_at, updated_at) VALUES ('cmgyzam8k00ddu3ysbu0qdqhq', 'cmgyzam8k00d9u3ys9gyjf91h', 'Часто', 4, '{"D_SURPRISE":4}', '2025-10-23T06:40:20.246Z', '2025-10-23T06:40:20.246Z');
INSERT INTO answer_options (id, question_id, text, value, weights, created_at, updated_at) VALUES ('cmgyzam8k00deu3ys00z3og2k', 'cmgyzam8k00d9u3ys9gyjf91h', 'Очень часто', 5, '{"D_SURPRISE":5}', '2025-10-23T06:40:20.246Z', '2025-10-23T06:40:20.246Z');
INSERT INTO questions (id, test_id, text, type, `order`, created_at, updated_at) VALUES ('cmgyzam8k00dfu3ysiiyauh44', 'cmgyzam8f007wu3ys9vwgxmj9', 'Где ты бы провёл идеальное первое свидание?', 'single', 34, '2025-10-23T06:40:20.246Z', '2025-10-23T06:40:20.246Z');
INSERT INTO answer_options (id, question_id, text, value, weights, created_at, updated_at) VALUES ('cmgyzam8k00dgu3ysjl80ai6x', 'cmgyzam8k00dfu3ysiiyauh44', 'В дорогом ресторане', 1, '{"D_LUXURY":5}', '2025-10-23T06:40:20.246Z', '2025-10-23T06:40:20.246Z');
INSERT INTO answer_options (id, question_id, text, value, weights, created_at, updated_at) VALUES ('cmgyzam8k00dhu3ys2utdcbfd', 'cmgyzam8k00dfu3ysiiyauh44', 'Дома за ужином', 2, '{"D_HOMEY":5}', '2025-10-23T06:40:20.246Z', '2025-10-23T06:40:20.246Z');
INSERT INTO answer_options (id, question_id, text, value, weights, created_at, updated_at) VALUES ('cmgyzam8k00diu3ysfdwx4824', 'cmgyzam8k00dfu3ysiiyauh44', 'В парке или на природе', 3, '{"D_ACTIVE":5}', '2025-10-23T06:40:20.246Z', '2025-10-23T06:40:20.246Z');
INSERT INTO answer_options (id, question_id, text, value, weights, created_at, updated_at) VALUES ('cmgyzam8k00dju3yssc1h7jen', 'cmgyzam8k00dfu3ysiiyauh44', 'В романтическом кафе', 4, '{"D_ROMANTIC":5}', '2025-10-23T06:40:20.246Z', '2025-10-23T06:40:20.246Z');
INSERT INTO answer_options (id, question_id, text, value, weights, created_at, updated_at) VALUES ('cmgyzam8k00dku3ysckb5raoi', 'cmgyzam8k00dfu3ysiiyauh44', 'В необычном месте', 5, '{"D_ADVENTURE":5}', '2025-10-23T06:40:20.246Z', '2025-10-23T06:40:20.246Z');
INSERT INTO questions (id, test_id, text, type, `order`, created_at, updated_at) VALUES ('cmgyzam8k00dlu3ysvgx5p2f1', 'cmgyzam8f007wu3ys9vwgxmj9', 'Что важнее в свидании: место или компания?', 'single', 35, '2025-10-23T06:40:20.246Z', '2025-10-23T06:40:20.246Z');
INSERT INTO answer_options (id, question_id, text, value, weights, created_at, updated_at) VALUES ('cmgyzam8k00dmu3ys90tqdmgp', 'cmgyzam8k00dlu3ysvgx5p2f1', 'Место важнее', 1, '{"D_LUXURY":5}', '2025-10-23T06:40:20.246Z', '2025-10-23T06:40:20.246Z');
INSERT INTO answer_options (id, question_id, text, value, weights, created_at, updated_at) VALUES ('cmgyzam8k00dnu3ysps79qqui', 'cmgyzam8k00dlu3ysvgx5p2f1', 'Компания важнее', 2, '{"D_HOMEY":5}', '2025-10-23T06:40:20.246Z', '2025-10-23T06:40:20.246Z');
INSERT INTO answer_options (id, question_id, text, value, weights, created_at, updated_at) VALUES ('cmgyzam8k00dou3ysalup6177', 'cmgyzam8k00dlu3ysvgx5p2f1', 'Активность важнее', 3, '{"D_ACTIVE":5}', '2025-10-23T06:40:20.246Z', '2025-10-23T06:40:20.246Z');
INSERT INTO answer_options (id, question_id, text, value, weights, created_at, updated_at) VALUES ('cmgyzam8k00dpu3ysen5vahe4', 'cmgyzam8k00dlu3ysvgx5p2f1', 'Атмосфера важнее', 4, '{"D_ROMANTIC":5}', '2025-10-23T06:40:20.246Z', '2025-10-23T06:40:20.246Z');
INSERT INTO answer_options (id, question_id, text, value, weights, created_at, updated_at) VALUES ('cmgyzam8k00dqu3ysjj4m4zg2', 'cmgyzam8k00dlu3ysvgx5p2f1', 'Впечатления важнее', 5, '{"D_ADVENTURE":5}', '2025-10-23T06:40:20.246Z', '2025-10-23T06:40:20.246Z');
INSERT INTO questions (id, test_id, text, type, `order`, created_at, updated_at) VALUES ('cmgyzam8l00dru3ys7vk51y2u', 'cmgyzam8f007wu3ys9vwgxmj9', 'Как ты предпочитаешь проводить выходные с партнёром?', 'single', 36, '2025-10-23T06:40:20.246Z', '2025-10-23T06:40:20.246Z');
INSERT INTO answer_options (id, question_id, text, value, weights, created_at, updated_at) VALUES ('cmgyzam8l00dsu3ystdjxhmvo', 'cmgyzam8l00dru3ys7vk51y2u', 'В дорогих местах', 1, '{"D_LUXURY":5}', '2025-10-23T06:40:20.246Z', '2025-10-23T06:40:20.246Z');
INSERT INTO answer_options (id, question_id, text, value, weights, created_at, updated_at) VALUES ('cmgyzam8l00dtu3ysbzwpbseb', 'cmgyzam8l00dru3ys7vk51y2u', 'Дома в уюте', 2, '{"D_HOMEY":5}', '2025-10-23T06:40:20.246Z', '2025-10-23T06:40:20.246Z');
INSERT INTO answer_options (id, question_id, text, value, weights, created_at, updated_at) VALUES ('cmgyzam8l00duu3yssd7yek50', 'cmgyzam8l00dru3ys7vk51y2u', 'Активно на природе', 3, '{"D_ACTIVE":5}', '2025-10-23T06:40:20.246Z', '2025-10-23T06:40:20.246Z');
INSERT INTO answer_options (id, question_id, text, value, weights, created_at, updated_at) VALUES ('cmgyzam8l00dvu3ys54wfz75f', 'cmgyzam8l00dru3ys7vk51y2u', 'Романтично и нежно', 4, '{"D_ROMANTIC":5}', '2025-10-23T06:40:20.246Z', '2025-10-23T06:40:20.246Z');
INSERT INTO answer_options (id, question_id, text, value, weights, created_at, updated_at) VALUES ('cmgyzam8l00dwu3ys0aii2efb', 'cmgyzam8l00dru3ys7vk51y2u', 'Исследуя новые места', 5, '{"D_ADVENTURE":5}', '2025-10-23T06:40:20.246Z', '2025-10-23T06:40:20.246Z');
INSERT INTO questions (id, test_id, text, type, `order`, created_at, updated_at) VALUES ('cmgyzam8l00dxu3ys8ogvd3lt', 'cmgyzam8f007wu3ys9vwgxmj9', 'Как часто ты меняешь места для свиданий?', 'scale', 37, '2025-10-23T06:40:20.246Z', '2025-10-23T06:40:20.246Z');
INSERT INTO answer_options (id, question_id, text, value, weights, created_at, updated_at) VALUES ('cmgyzam8l00dyu3ysftqigoa2', 'cmgyzam8l00dxu3ys8ogvd3lt', 'Никогда', 1, '{"D_VARIETY":1}', '2025-10-23T06:40:20.246Z', '2025-10-23T06:40:20.246Z');
INSERT INTO answer_options (id, question_id, text, value, weights, created_at, updated_at) VALUES ('cmgyzam8l00dzu3ysn96ru87m', 'cmgyzam8l00dxu3ys8ogvd3lt', 'Редко', 2, '{"D_VARIETY":2}', '2025-10-23T06:40:20.246Z', '2025-10-23T06:40:20.246Z');
INSERT INTO answer_options (id, question_id, text, value, weights, created_at, updated_at) VALUES ('cmgyzam8l00e0u3ysd56zd38i', 'cmgyzam8l00dxu3ys8ogvd3lt', 'Иногда', 3, '{"D_VARIETY":3}', '2025-10-23T06:40:20.246Z', '2025-10-23T06:40:20.246Z');
INSERT INTO answer_options (id, question_id, text, value, weights, created_at, updated_at) VALUES ('cmgyzam8l00e1u3ysat7i8qzv', 'cmgyzam8l00dxu3ys8ogvd3lt', 'Часто', 4, '{"D_VARIETY":4}', '2025-10-23T06:40:20.246Z', '2025-10-23T06:40:20.246Z');
INSERT INTO answer_options (id, question_id, text, value, weights, created_at, updated_at) VALUES ('cmgyzam8l00e2u3ysmoihdoza', 'cmgyzam8l00dxu3ys8ogvd3lt', 'Очень часто', 5, '{"D_VARIETY":5}', '2025-10-23T06:40:20.246Z', '2025-10-23T06:40:20.246Z');
INSERT INTO questions (id, test_id, text, type, `order`, created_at, updated_at) VALUES ('cmgyzam8l00e3u3ysk5dm7sva', 'cmgyzam8f007wu3ys9vwgxmj9', 'Что делает свидание запоминающимся?', 'single', 38, '2025-10-23T06:40:20.246Z', '2025-10-23T06:40:20.246Z');
INSERT INTO answer_options (id, question_id, text, value, weights, created_at, updated_at) VALUES ('cmgyzam8l00e4u3ys1prdh4vi', 'cmgyzam8l00e3u3ysk5dm7sva', 'Дорогие и престижные места', 1, '{"D_LUXURY":5}', '2025-10-23T06:40:20.246Z', '2025-10-23T06:40:20.246Z');
INSERT INTO answer_options (id, question_id, text, value, weights, created_at, updated_at) VALUES ('cmgyzam8l00e5u3ysftn5ous3', 'cmgyzam8l00e3u3ysk5dm7sva', 'Уютная домашняя атмосфера', 2, '{"D_HOMEY":5}', '2025-10-23T06:40:20.246Z', '2025-10-23T06:40:20.246Z');
INSERT INTO answer_options (id, question_id, text, value, weights, created_at, updated_at) VALUES ('cmgyzam8l00e6u3ys8x8ouiod', 'cmgyzam8l00e3u3ysk5dm7sva', 'Активные развлечения', 3, '{"D_ACTIVE":5}', '2025-10-23T06:40:20.246Z', '2025-10-23T06:40:20.246Z');
INSERT INTO answer_options (id, question_id, text, value, weights, created_at, updated_at) VALUES ('cmgyzam8l00e7u3ysjtzt5qs5', 'cmgyzam8l00e3u3ysk5dm7sva', 'Романтические моменты', 4, '{"D_ROMANTIC":5}', '2025-10-23T06:40:20.246Z', '2025-10-23T06:40:20.246Z');
INSERT INTO answer_options (id, question_id, text, value, weights, created_at, updated_at) VALUES ('cmgyzam8l00e8u3yskwzushlx', 'cmgyzam8l00e3u3ysk5dm7sva', 'Необычные впечатления', 5, '{"D_ADVENTURE":5}', '2025-10-23T06:40:20.246Z', '2025-10-23T06:40:20.246Z');
INSERT INTO questions (id, test_id, text, type, `order`, created_at, updated_at) VALUES ('cmgyzam8l00e9u3ys7tjl6cz3', 'cmgyzam8f007wu3ys9vwgxmj9', 'Как ты проявляешь заботу о партнёре?', 'single', 39, '2025-10-23T06:40:20.246Z', '2025-10-23T06:40:20.246Z');
INSERT INTO answer_options (id, question_id, text, value, weights, created_at, updated_at) VALUES ('cmgyzam8l00eau3ysq5pysedl', 'cmgyzam8l00e9u3ys7tjl6cz3', 'Говорю слова поддержки', 1, '{"C_WORDS":5}', '2025-10-23T06:40:20.246Z', '2025-10-23T06:40:20.246Z');
INSERT INTO answer_options (id, question_id, text, value, weights, created_at, updated_at) VALUES ('cmgyzam8l00ebu3ys3j39f53i', 'cmgyzam8l00e9u3ys7tjl6cz3', 'Провожу время рядом', 2, '{"C_TIME":5}', '2025-10-23T06:40:20.246Z', '2025-10-23T06:40:20.246Z');
INSERT INTO answer_options (id, question_id, text, value, weights, created_at, updated_at) VALUES ('cmgyzam8l00ecu3ysyendu7jb', 'cmgyzam8l00e9u3ys7tjl6cz3', 'Делаю приятные сюрпризы', 3, '{"C_GIFTS":5}', '2025-10-23T06:40:20.246Z', '2025-10-23T06:40:20.246Z');
INSERT INTO answer_options (id, question_id, text, value, weights, created_at, updated_at) VALUES ('cmgyzam8l00edu3yspwyk6yj2', 'cmgyzam8l00e9u3ys7tjl6cz3', 'Помогаю в делах', 4, '{"C_SERVICE":5}', '2025-10-23T06:40:20.246Z', '2025-10-23T06:40:20.246Z');
INSERT INTO answer_options (id, question_id, text, value, weights, created_at, updated_at) VALUES ('cmgyzam8l00eeu3ys7svnvr0j', 'cmgyzam8l00e9u3ys7tjl6cz3', 'Показываю нежность', 5, '{"C_TOUCH":5}', '2025-10-23T06:40:20.246Z', '2025-10-23T06:40:20.246Z');
INSERT INTO questions (id, test_id, text, type, `order`, created_at, updated_at) VALUES ('cmgyzam8l00efu3ys9ui946vq', 'cmgyzam8f007wu3ys9vwgxmj9', 'Как часто ты делаешь что-то приятное для партнёра?', 'scale', 40, '2025-10-23T06:40:20.247Z', '2025-10-23T06:40:20.247Z');
INSERT INTO answer_options (id, question_id, text, value, weights, created_at, updated_at) VALUES ('cmgyzam8l00egu3ysfwbcc0ud', 'cmgyzam8l00efu3ys9ui946vq', 'Никогда', 1, '{"C_FREQUENCY":1}', '2025-10-23T06:40:20.247Z', '2025-10-23T06:40:20.247Z');
INSERT INTO answer_options (id, question_id, text, value, weights, created_at, updated_at) VALUES ('cmgyzam8l00ehu3ysz7rohj60', 'cmgyzam8l00efu3ys9ui946vq', 'Редко', 2, '{"C_FREQUENCY":2}', '2025-10-23T06:40:20.247Z', '2025-10-23T06:40:20.247Z');
INSERT INTO answer_options (id, question_id, text, value, weights, created_at, updated_at) VALUES ('cmgyzam8l00eiu3ysujwal00z', 'cmgyzam8l00efu3ys9ui946vq', 'Иногда', 3, '{"C_FREQUENCY":3}', '2025-10-23T06:40:20.247Z', '2025-10-23T06:40:20.247Z');
INSERT INTO answer_options (id, question_id, text, value, weights, created_at, updated_at) VALUES ('cmgyzam8l00eju3ys1esqfrkh', 'cmgyzam8l00efu3ys9ui946vq', 'Часто', 4, '{"C_FREQUENCY":4}', '2025-10-23T06:40:20.247Z', '2025-10-23T06:40:20.247Z');
INSERT INTO answer_options (id, question_id, text, value, weights, created_at, updated_at) VALUES ('cmgyzam8l00eku3ysofyh61h0', 'cmgyzam8l00efu3ys9ui946vq', 'Очень часто', 5, '{"C_FREQUENCY":5}', '2025-10-23T06:40:20.247Z', '2025-10-23T06:40:20.247Z');
INSERT INTO questions (id, test_id, text, type, `order`, created_at, updated_at) VALUES ('cmgyzam8l00elu3ysco2w8bbj', 'cmgyzam8f007wu3ys9vwgxmj9', 'Что для тебя означает \'заботиться о партнёре\'?', 'single', 41, '2025-10-23T06:40:20.247Z', '2025-10-23T06:40:20.247Z');
INSERT INTO answer_options (id, question_id, text, value, weights, created_at, updated_at) VALUES ('cmgyzam8l00emu3ysgzp9ucew', 'cmgyzam8l00elu3ysco2w8bbj', 'Говорить ободряющие слова', 1, '{"C_WORDS":5}', '2025-10-23T06:40:20.247Z', '2025-10-23T06:40:20.247Z');
INSERT INTO answer_options (id, question_id, text, value, weights, created_at, updated_at) VALUES ('cmgyzam8l00enu3yscm77zoox', 'cmgyzam8l00elu3ysco2w8bbj', 'Быть рядом и слушать', 2, '{"C_TIME":5}', '2025-10-23T06:40:20.247Z', '2025-10-23T06:40:20.247Z');
INSERT INTO answer_options (id, question_id, text, value, weights, created_at, updated_at) VALUES ('cmgyzam8l00eou3yshj2l01vs', 'cmgyzam8l00elu3ysco2w8bbj', 'Делать приятные сюрпризы', 3, '{"C_GIFTS":5}', '2025-10-23T06:40:20.247Z', '2025-10-23T06:40:20.247Z');
INSERT INTO answer_options (id, question_id, text, value, weights, created_at, updated_at) VALUES ('cmgyzam8l00epu3ysgwjftou8', 'cmgyzam8l00elu3ysco2w8bbj', 'Помогать в повседневных делах', 4, '{"C_SERVICE":5}', '2025-10-23T06:40:20.247Z', '2025-10-23T06:40:20.247Z');
INSERT INTO answer_options (id, question_id, text, value, weights, created_at, updated_at) VALUES ('cmgyzam8l00equ3ysv3yzmg5v', 'cmgyzam8l00elu3ysco2w8bbj', 'Показывать физическую нежность', 5, '{"C_TOUCH":5}', '2025-10-23T06:40:20.247Z', '2025-10-23T06:40:20.247Z');
INSERT INTO questions (id, test_id, text, type, `order`, created_at, updated_at) VALUES ('cmgyzam8l00eru3ys3lgtncky', 'cmgyzam8f007wu3ys9vwgxmj9', 'Как ты утешаешь партнёра, когда ему плохо?', 'single', 42, '2025-10-23T06:40:20.247Z', '2025-10-23T06:40:20.247Z');
INSERT INTO answer_options (id, question_id, text, value, weights, created_at, updated_at) VALUES ('cmgyzam8l00esu3ys1w6wpj35', 'cmgyzam8l00eru3ys3lgtncky', 'Говорю успокаивающие слова', 1, '{"C_WORDS":5}', '2025-10-23T06:40:20.247Z', '2025-10-23T06:40:20.247Z');
INSERT INTO answer_options (id, question_id, text, value, weights, created_at, updated_at) VALUES ('cmgyzam8l00etu3ysxywlj0yz', 'cmgyzam8l00eru3ys3lgtncky', 'Провожу время рядом', 2, '{"C_TIME":5}', '2025-10-23T06:40:20.247Z', '2025-10-23T06:40:20.247Z');
INSERT INTO answer_options (id, question_id, text, value, weights, created_at, updated_at) VALUES ('cmgyzam8l00euu3ys3sh1lhmr', 'cmgyzam8l00eru3ys3lgtncky', 'Делаю приятный сюрприз', 3, '{"C_GIFTS":5}', '2025-10-23T06:40:20.247Z', '2025-10-23T06:40:20.247Z');
INSERT INTO answer_options (id, question_id, text, value, weights, created_at, updated_at) VALUES ('cmgyzam8l00evu3ysqe5il8jo', 'cmgyzam8l00eru3ys3lgtncky', 'Помогаю решить проблему', 4, '{"C_SERVICE":5}', '2025-10-23T06:40:20.247Z', '2025-10-23T06:40:20.247Z');
INSERT INTO answer_options (id, question_id, text, value, weights, created_at, updated_at) VALUES ('cmgyzam8l00ewu3ysu69fl9gq', 'cmgyzam8l00eru3ys3lgtncky', 'Обнимаю и держу за руку', 5, '{"C_TOUCH":5}', '2025-10-23T06:40:20.247Z', '2025-10-23T06:40:20.247Z');
INSERT INTO questions (id, test_id, text, type, `order`, created_at, updated_at) VALUES ('cmgyzam8l00exu3ysqxbjr2ln', 'cmgyzam8f007wu3ys9vwgxmj9', 'Как часто ты планируешь что-то особенное для партнёра?', 'scale', 43, '2025-10-23T06:40:20.247Z', '2025-10-23T06:40:20.247Z');
INSERT INTO answer_options (id, question_id, text, value, weights, created_at, updated_at) VALUES ('cmgyzam8l00eyu3ysp145embn', 'cmgyzam8l00exu3ysqxbjr2ln', 'Никогда', 1, '{"C_PLANNING":1}', '2025-10-23T06:40:20.247Z', '2025-10-23T06:40:20.247Z');
INSERT INTO answer_options (id, question_id, text, value, weights, created_at, updated_at) VALUES ('cmgyzam8l00ezu3ystwyjxduv', 'cmgyzam8l00exu3ysqxbjr2ln', 'Редко', 2, '{"C_PLANNING":2}', '2025-10-23T06:40:20.247Z', '2025-10-23T06:40:20.247Z');
INSERT INTO answer_options (id, question_id, text, value, weights, created_at, updated_at) VALUES ('cmgyzam8l00f0u3ys5kyesd36', 'cmgyzam8l00exu3ysqxbjr2ln', 'Иногда', 3, '{"C_PLANNING":3}', '2025-10-23T06:40:20.247Z', '2025-10-23T06:40:20.247Z');
INSERT INTO answer_options (id, question_id, text, value, weights, created_at, updated_at) VALUES ('cmgyzam8l00f1u3yso3tvlk0i', 'cmgyzam8l00exu3ysqxbjr2ln', 'Часто', 4, '{"C_PLANNING":4}', '2025-10-23T06:40:20.247Z', '2025-10-23T06:40:20.247Z');
INSERT INTO answer_options (id, question_id, text, value, weights, created_at, updated_at) VALUES ('cmgyzam8l00f2u3ys18i2w02h', 'cmgyzam8l00exu3ysqxbjr2ln', 'Очень часто', 5, '{"C_PLANNING":5}', '2025-10-23T06:40:20.247Z', '2025-10-23T06:40:20.247Z');
INSERT INTO questions (id, test_id, text, type, `order`, created_at, updated_at) VALUES ('cmgyzam8l00f3u3ysi04b8cv2', 'cmgyzam8f007wu3ys9vwgxmj9', 'Что ты делаешь, чтобы показать свою любовь?', 'single', 44, '2025-10-23T06:40:20.247Z', '2025-10-23T06:40:20.247Z');
INSERT INTO answer_options (id, question_id, text, value, weights, created_at, updated_at) VALUES ('cmgyzam8l00f4u3ysxc0acpsv', 'cmgyzam8l00f3u3ysi04b8cv2', 'Говорю о своих чувствах', 1, '{"C_WORDS":5}', '2025-10-23T06:40:20.247Z', '2025-10-23T06:40:20.247Z');
INSERT INTO answer_options (id, question_id, text, value, weights, created_at, updated_at) VALUES ('cmgyzam8l00f5u3ysgdnbvvtk', 'cmgyzam8l00f3u3ysi04b8cv2', 'Провожу время вместе', 2, '{"C_TIME":5}', '2025-10-23T06:40:20.247Z', '2025-10-23T06:40:20.247Z');
INSERT INTO answer_options (id, question_id, text, value, weights, created_at, updated_at) VALUES ('cmgyzam8l00f6u3ysyrbg1exr', 'cmgyzam8l00f3u3ysi04b8cv2', 'Делаю сюрпризы', 3, '{"C_GIFTS":5}', '2025-10-23T06:40:20.247Z', '2025-10-23T06:40:20.247Z');
INSERT INTO answer_options (id, question_id, text, value, weights, created_at, updated_at) VALUES ('cmgyzam8l00f7u3ys5glzn5sp', 'cmgyzam8l00f3u3ysi04b8cv2', 'Помогаю в делах', 4, '{"C_SERVICE":5}', '2025-10-23T06:40:20.247Z', '2025-10-23T06:40:20.247Z');
INSERT INTO answer_options (id, question_id, text, value, weights, created_at, updated_at) VALUES ('cmgyzam8l00f8u3ysi0tdifof', 'cmgyzam8l00f3u3ysi04b8cv2', 'Показываю нежность', 5, '{"C_TOUCH":5}', '2025-10-23T06:40:20.247Z', '2025-10-23T06:40:20.247Z');
INSERT INTO questions (id, test_id, text, type, `order`, created_at, updated_at) VALUES ('cmgyzam8l00f9u3ys3o80zq6a', 'cmgyzam8f007wu3ys9vwgxmj9', 'Как ты отмечаешь успехи партнёра?', 'single', 45, '2025-10-23T06:40:20.247Z', '2025-10-23T06:40:20.247Z');
INSERT INTO answer_options (id, question_id, text, value, weights, created_at, updated_at) VALUES ('cmgyzam8l00fau3ysq38v51ty', 'cmgyzam8l00f9u3ys3o80zq6a', 'Говорю слова гордости', 1, '{"C_WORDS":5}', '2025-10-23T06:40:20.247Z', '2025-10-23T06:40:20.247Z');
INSERT INTO answer_options (id, question_id, text, value, weights, created_at, updated_at) VALUES ('cmgyzam8l00fbu3ysdj3d7fv9', 'cmgyzam8l00f9u3ys3o80zq6a', 'Провожу время, празднуя', 2, '{"C_TIME":5}', '2025-10-23T06:40:20.247Z', '2025-10-23T06:40:20.247Z');
INSERT INTO answer_options (id, question_id, text, value, weights, created_at, updated_at) VALUES ('cmgyzam8l00fcu3ysat2e4a1s', 'cmgyzam8l00f9u3ys3o80zq6a', 'Дарю подарок', 3, '{"C_GIFTS":5}', '2025-10-23T06:40:20.247Z', '2025-10-23T06:40:20.247Z');
INSERT INTO answer_options (id, question_id, text, value, weights, created_at, updated_at) VALUES ('cmgyzam8l00fdu3ysmlu4nx22', 'cmgyzam8l00f9u3ys3o80zq6a', 'Помогаю организовать праздник', 4, '{"C_SERVICE":5}', '2025-10-23T06:40:20.247Z', '2025-10-23T06:40:20.247Z');
INSERT INTO answer_options (id, question_id, text, value, weights, created_at, updated_at) VALUES ('cmgyzam8l00feu3ystwgh7m6r', 'cmgyzam8l00f9u3ys3o80zq6a', 'Обнимаю и поздравляю', 5, '{"C_TOUCH":5}', '2025-10-23T06:40:20.247Z', '2025-10-23T06:40:20.247Z');
INSERT INTO questions (id, test_id, text, type, `order`, created_at, updated_at) VALUES ('cmgyzam8l00ffu3ysujgxlcyk', 'cmgyzam8f007wu3ys9vwgxmj9', 'Как часто ты делаешь комплименты партнёру?', 'scale', 46, '2025-10-23T06:40:20.247Z', '2025-10-23T06:40:20.247Z');
INSERT INTO answer_options (id, question_id, text, value, weights, created_at, updated_at) VALUES ('cmgyzam8l00fgu3ysszy5vwtb', 'cmgyzam8l00ffu3ysujgxlcyk', 'Никогда', 1, '{"C_COMPLIMENTS":1}', '2025-10-23T06:40:20.247Z', '2025-10-23T06:40:20.247Z');
INSERT INTO answer_options (id, question_id, text, value, weights, created_at, updated_at) VALUES ('cmgyzam8l00fhu3ysfopwnd5j', 'cmgyzam8l00ffu3ysujgxlcyk', 'Редко', 2, '{"C_COMPLIMENTS":2}', '2025-10-23T06:40:20.247Z', '2025-10-23T06:40:20.247Z');
INSERT INTO answer_options (id, question_id, text, value, weights, created_at, updated_at) VALUES ('cmgyzam8l00fiu3ysds38ob9i', 'cmgyzam8l00ffu3ysujgxlcyk', 'Иногда', 3, '{"C_COMPLIMENTS":3}', '2025-10-23T06:40:20.247Z', '2025-10-23T06:40:20.247Z');
INSERT INTO answer_options (id, question_id, text, value, weights, created_at, updated_at) VALUES ('cmgyzam8l00fju3ysatc2mk23', 'cmgyzam8l00ffu3ysujgxlcyk', 'Часто', 4, '{"C_COMPLIMENTS":4}', '2025-10-23T06:40:20.247Z', '2025-10-23T06:40:20.247Z');
INSERT INTO answer_options (id, question_id, text, value, weights, created_at, updated_at) VALUES ('cmgyzam8l00fku3yssk1ko0rw', 'cmgyzam8l00ffu3ysujgxlcyk', 'Очень часто', 5, '{"C_COMPLIMENTS":5}', '2025-10-23T06:40:20.247Z', '2025-10-23T06:40:20.247Z');
INSERT INTO questions (id, test_id, text, type, `order`, created_at, updated_at) VALUES ('cmgyzam8m00flu3yshek0mjx6', 'cmgyzam8f007wu3ys9vwgxmj9', 'Что ты делаешь, когда партнёр устал?', 'single', 47, '2025-10-23T06:40:20.247Z', '2025-10-23T06:40:20.247Z');
INSERT INTO answer_options (id, question_id, text, value, weights, created_at, updated_at) VALUES ('cmgyzam8m00fmu3yspb4y35dp', 'cmgyzam8m00flu3yshek0mjx6', 'Говорю слова поддержки', 1, '{"C_WORDS":5}', '2025-10-23T06:40:20.247Z', '2025-10-23T06:40:20.247Z');
INSERT INTO answer_options (id, question_id, text, value, weights, created_at, updated_at) VALUES ('cmgyzam8m00fnu3ys7d2dqaq2', 'cmgyzam8m00flu3yshek0mjx6', 'Провожу время рядом', 2, '{"C_TIME":5}', '2025-10-23T06:40:20.247Z', '2025-10-23T06:40:20.247Z');
INSERT INTO answer_options (id, question_id, text, value, weights, created_at, updated_at) VALUES ('cmgyzam8m00fou3ysud3nkf39', 'cmgyzam8m00flu3yshek0mjx6', 'Делаю приятный сюрприз', 3, '{"C_GIFTS":5}', '2025-10-23T06:40:20.247Z', '2025-10-23T06:40:20.247Z');
INSERT INTO answer_options (id, question_id, text, value, weights, created_at, updated_at) VALUES ('cmgyzam8m00fpu3ysbxt9ol4n', 'cmgyzam8m00flu3yshek0mjx6', 'Помогаю с делами', 4, '{"C_SERVICE":5}', '2025-10-23T06:40:20.247Z', '2025-10-23T06:40:20.247Z');
INSERT INTO answer_options (id, question_id, text, value, weights, created_at, updated_at) VALUES ('cmgyzam8m00fqu3ysp0esjs32', 'cmgyzam8m00flu3yshek0mjx6', 'Делаю массаж или обнимаю', 5, '{"C_TOUCH":5}', '2025-10-23T06:40:20.247Z', '2025-10-23T06:40:20.247Z');
INSERT INTO questions (id, test_id, text, type, `order`, created_at, updated_at) VALUES ('cmgyzam8m00fru3yso7k2fho7', 'cmgyzam8f007wu3ys9vwgxmj9', 'Как ты проявляешь внимание к партнёру?', 'single', 48, '2025-10-23T06:40:20.247Z', '2025-10-23T06:40:20.247Z');
INSERT INTO answer_options (id, question_id, text, value, weights, created_at, updated_at) VALUES ('cmgyzam8m00fsu3ys0yx3uxmn', 'cmgyzam8m00fru3yso7k2fho7', 'Говорю персональные слова', 1, '{"C_WORDS":5}', '2025-10-23T06:40:20.247Z', '2025-10-23T06:40:20.247Z');
INSERT INTO answer_options (id, question_id, text, value, weights, created_at, updated_at) VALUES ('cmgyzam8m00ftu3ysd7ygbh6s', 'cmgyzam8m00fru3yso7k2fho7', 'Уделяю время только ему', 2, '{"C_TIME":5}', '2025-10-23T06:40:20.247Z', '2025-10-23T06:40:20.247Z');
INSERT INTO answer_options (id, question_id, text, value, weights, created_at, updated_at) VALUES ('cmgyzam8m00fuu3ystk4qafvm', 'cmgyzam8m00fru3yso7k2fho7', 'Делаю персональные сюрпризы', 3, '{"C_GIFTS":5}', '2025-10-23T06:40:20.247Z', '2025-10-23T06:40:20.247Z');
INSERT INTO answer_options (id, question_id, text, value, weights, created_at, updated_at) VALUES ('cmgyzam8m00fvu3ys3ho7ntm5', 'cmgyzam8m00fru3yso7k2fho7', 'Помогаю в его делах', 4, '{"C_SERVICE":5}', '2025-10-23T06:40:20.247Z', '2025-10-23T06:40:20.247Z');
INSERT INTO answer_options (id, question_id, text, value, weights, created_at, updated_at) VALUES ('cmgyzam8m00fwu3ysbqg4jxm7', 'cmgyzam8m00fru3yso7k2fho7', 'Показываю физическое внимание', 5, '{"C_TOUCH":5}', '2025-10-23T06:40:20.247Z', '2025-10-23T06:40:20.247Z');
INSERT INTO questions (id, test_id, text, type, `order`, created_at, updated_at) VALUES ('cmgyzam8m00fxu3ysmqaps3w7', 'cmgyzam8f007wu3ys9vwgxmj9', 'Как часто ты думаешь о том, как порадовать партнёра?', 'scale', 49, '2025-10-23T06:40:20.247Z', '2025-10-23T06:40:20.247Z');
INSERT INTO answer_options (id, question_id, text, value, weights, created_at, updated_at) VALUES ('cmgyzam8m00fyu3ys9f704kin', 'cmgyzam8m00fxu3ysmqaps3w7', 'Никогда', 1, '{"C_THOUGHTFULNESS":1}', '2025-10-23T06:40:20.247Z', '2025-10-23T06:40:20.247Z');
INSERT INTO answer_options (id, question_id, text, value, weights, created_at, updated_at) VALUES ('cmgyzam8m00fzu3yssgirnc0u', 'cmgyzam8m00fxu3ysmqaps3w7', 'Редко', 2, '{"C_THOUGHTFULNESS":2}', '2025-10-23T06:40:20.247Z', '2025-10-23T06:40:20.247Z');
INSERT INTO answer_options (id, question_id, text, value, weights, created_at, updated_at) VALUES ('cmgyzam8m00g0u3ys5kklunl5', 'cmgyzam8m00fxu3ysmqaps3w7', 'Иногда', 3, '{"C_THOUGHTFULNESS":3}', '2025-10-23T06:40:20.247Z', '2025-10-23T06:40:20.247Z');
INSERT INTO answer_options (id, question_id, text, value, weights, created_at, updated_at) VALUES ('cmgyzam8m00g1u3ysqwhraph9', 'cmgyzam8m00fxu3ysmqaps3w7', 'Часто', 4, '{"C_THOUGHTFULNESS":4}', '2025-10-23T06:40:20.247Z', '2025-10-23T06:40:20.247Z');
INSERT INTO answer_options (id, question_id, text, value, weights, created_at, updated_at) VALUES ('cmgyzam8m00g2u3ys1n1sq7r2', 'cmgyzam8m00fxu3ysmqaps3w7', 'Очень часто', 5, '{"C_THOUGHTFULNESS":5}', '2025-10-23T06:40:20.247Z', '2025-10-23T06:40:20.247Z');
INSERT INTO questions (id, test_id, text, type, `order`, created_at, updated_at) VALUES ('cmgyzam8m00g3u3ysvalcejc7', 'cmgyzam8f007wu3ys9vwgxmj9', 'Что для тебя важнее в проявлении заботы?', 'single', 50, '2025-10-23T06:40:20.247Z', '2025-10-23T06:40:20.247Z');
INSERT INTO answer_options (id, question_id, text, value, weights, created_at, updated_at) VALUES ('cmgyzam8m00g4u3ys0cq5o5er', 'cmgyzam8m00g3u3ysvalcejc7', 'Слова поддержки и понимания', 1, '{"C_WORDS":5}', '2025-10-23T06:40:20.247Z', '2025-10-23T06:40:20.247Z');
INSERT INTO answer_options (id, question_id, text, value, weights, created_at, updated_at) VALUES ('cmgyzam8m00g5u3ysue0cupx4', 'cmgyzam8m00g3u3ysvalcejc7', 'Качественное время вместе', 2, '{"C_TIME":5}', '2025-10-23T06:40:20.247Z', '2025-10-23T06:40:20.247Z');
INSERT INTO answer_options (id, question_id, text, value, weights, created_at, updated_at) VALUES ('cmgyzam8m00g6u3ysvan46elc', 'cmgyzam8m00g3u3ysvalcejc7', 'Приятные сюрпризы', 3, '{"C_GIFTS":5}', '2025-10-23T06:40:20.247Z', '2025-10-23T06:40:20.247Z');
INSERT INTO answer_options (id, question_id, text, value, weights, created_at, updated_at) VALUES ('cmgyzam8m00g7u3ys4pw8gv7c', 'cmgyzam8m00g3u3ysvalcejc7', 'Практическая помощь', 4, '{"C_SERVICE":5}', '2025-10-23T06:40:20.247Z', '2025-10-23T06:40:20.247Z');
INSERT INTO answer_options (id, question_id, text, value, weights, created_at, updated_at) VALUES ('cmgyzam8m00g8u3ys5anik24e', 'cmgyzam8m00g3u3ysvalcejc7', 'Физическая нежность', 5, '{"C_TOUCH":5}', '2025-10-23T06:40:20.247Z', '2025-10-23T06:40:20.247Z');

INSERT INTO tests (id, slug, title, description, rating, published, version, result_mode, created_at, updated_at) VALUES ('cmgyzeklz0000u3l09cwl94v2', 'love-psychology', 'Психология Любви', 'Узнай свой тип привязанности, ценности в отношениях, язык любви и стиль решения конфликтов', 5, 1, 1, 'default', '2025-10-20T10:17:23.926Z', '2025-10-23T06:31:50.717Z');
INSERT INTO default_results (id, test_id, title, description, recommendations, created_at, updated_at) VALUES ('cmgzgci4n0001u3xodaxzbqul', 'cmgyzeklz0000u3l09cwl94v2', NULL, NULL, '["asdasd","asdasd"]', '2025-10-20T18:11:40.871Z', '2025-10-23T05:05:03.016Z');
INSERT INTO questions (id, test_id, text, type, `order`, created_at, updated_at) VALUES ('cmgyzekm00001u3l0usqpn1ca', 'cmgyzeklz0000u3l09cwl94v2', 'Когда мне важен человек, я легко показываю чувства.ТЕСТ', 'scale', 1, '2025-10-23T06:40:20.247Z', '2025-10-23T06:40:20.247Z');
INSERT INTO answer_options (id, question_id, text, value, weights, created_at, updated_at) VALUES ('cmgyzekm10002u3l0m64cwk4c', 'cmgyzekm00001u3l0usqpn1ca', 'Совсем не про меня', 1, '{"A_SECURE":1}', '2025-10-23T06:40:20.247Z', '2025-10-23T06:40:20.247Z');
INSERT INTO answer_options (id, question_id, text, value, weights, created_at, updated_at) VALUES ('cmgyzekm10003u3l0rkuzpfcs', 'cmgyzekm00001u3l0usqpn1ca', 'Скорее нет', 2, '{"A_SECURE":2}', '2025-10-23T06:40:20.247Z', '2025-10-23T06:40:20.247Z');
INSERT INTO answer_options (id, question_id, text, value, weights, created_at, updated_at) VALUES ('cmgyzekm10004u3l0sobzipej', 'cmgyzekm00001u3l0usqpn1ca', 'Иногда', 3, '{"A_SECURE":3}', '2025-10-23T06:40:20.247Z', '2025-10-23T06:40:20.247Z');
INSERT INTO answer_options (id, question_id, text, value, weights, created_at, updated_at) VALUES ('cmgyzekm10005u3l0fjg0w9pf', 'cmgyzekm00001u3l0usqpn1ca', 'Скорее да', 4, '{"A_SECURE":4}', '2025-10-23T06:40:20.247Z', '2025-10-23T06:40:20.247Z');
INSERT INTO answer_options (id, question_id, text, value, weights, created_at, updated_at) VALUES ('cmgyzekm10006u3l0ae8y27c6', 'cmgyzekm00001u3l0usqpn1ca', 'Точно про меня', 5, '{"A_SECURE":5}', '2025-10-23T06:40:20.247Z', '2025-10-23T06:40:20.247Z');
INSERT INTO questions (id, test_id, text, type, `order`, created_at, updated_at) VALUES ('cmgyzekm10007u3l046cqqcxw', 'cmgyzeklz0000u3l09cwl94v2', 'Если партнёр долго не отвечает, я начинаю тревожиться.', 'scale', 2, '2025-10-23T06:40:20.247Z', '2025-10-23T06:40:20.247Z');
INSERT INTO answer_options (id, question_id, text, value, weights, created_at, updated_at) VALUES ('cmgyzekm10008u3l0rb6rl5w6', 'cmgyzekm10007u3l046cqqcxw', 'Никогда', 1, '{"A_ANXIOUS":1}', '2025-10-23T06:40:20.247Z', '2025-10-23T06:40:20.247Z');
INSERT INTO answer_options (id, question_id, text, value, weights, created_at, updated_at) VALUES ('cmgyzekm10009u3l0v8ugh36y', 'cmgyzekm10007u3l046cqqcxw', 'Редко', 2, '{"A_ANXIOUS":2}', '2025-10-23T06:40:20.247Z', '2025-10-23T06:40:20.247Z');
INSERT INTO answer_options (id, question_id, text, value, weights, created_at, updated_at) VALUES ('cmgyzekm1000au3l02j7apd0i', 'cmgyzekm10007u3l046cqqcxw', 'Иногда', 3, '{"A_ANXIOUS":3}', '2025-10-23T06:40:20.247Z', '2025-10-23T06:40:20.247Z');
INSERT INTO answer_options (id, question_id, text, value, weights, created_at, updated_at) VALUES ('cmgyzekm1000bu3l0p8oqinla', 'cmgyzekm10007u3l046cqqcxw', 'Часто', 4, '{"A_ANXIOUS":4}', '2025-10-23T06:40:20.247Z', '2025-10-23T06:40:20.247Z');
INSERT INTO answer_options (id, question_id, text, value, weights, created_at, updated_at) VALUES ('cmgyzekm1000cu3l0bz1hwbgo', 'cmgyzekm10007u3l046cqqcxw', 'Почти всегда', 5, '{"A_ANXIOUS":5}', '2025-10-23T06:40:20.247Z', '2025-10-23T06:40:20.247Z');
INSERT INTO questions (id, test_id, text, type, `order`, created_at, updated_at) VALUES ('cmgyzekm1000du3l0mbwwsu6g', 'cmgyzeklz0000u3l09cwl94v2', 'Мне нужно личное пространство, даже в близких отношениях.', 'scale', 3, '2025-10-23T06:40:20.247Z', '2025-10-23T06:40:20.247Z');
INSERT INTO answer_options (id, question_id, text, value, weights, created_at, updated_at) VALUES ('cmgyzekm1000eu3l0uely4jyf', 'cmgyzekm1000du3l0mbwwsu6g', 'Совсем не про меня', 1, '{"A_AVOIDANT":1}', '2025-10-23T06:40:20.247Z', '2025-10-23T06:40:20.247Z');
INSERT INTO answer_options (id, question_id, text, value, weights, created_at, updated_at) VALUES ('cmgyzekm1000fu3l01rnm4ijy', 'cmgyzekm1000du3l0mbwwsu6g', 'Скорее нет', 2, '{"A_AVOIDANT":2}', '2025-10-23T06:40:20.247Z', '2025-10-23T06:40:20.247Z');
INSERT INTO answer_options (id, question_id, text, value, weights, created_at, updated_at) VALUES ('cmgyzekm1000gu3l0yq7ycoew', 'cmgyzekm1000du3l0mbwwsu6g', 'Иногда', 3, '{"A_AVOIDANT":3}', '2025-10-23T06:40:20.247Z', '2025-10-23T06:40:20.247Z');
INSERT INTO answer_options (id, question_id, text, value, weights, created_at, updated_at) VALUES ('cmgyzekm1000hu3l0q89qog50', 'cmgyzekm1000du3l0mbwwsu6g', 'Скорее да', 4, '{"A_AVOIDANT":4}', '2025-10-23T06:40:20.247Z', '2025-10-23T06:40:20.247Z');
INSERT INTO answer_options (id, question_id, text, value, weights, created_at, updated_at) VALUES ('cmgyzekm1000iu3l031s1umf1', 'cmgyzekm1000du3l0mbwwsu6g', 'Точно про меня', 5, '{"A_AVOIDANT":5}', '2025-10-23T06:40:20.247Z', '2025-10-23T06:40:20.247Z');
INSERT INTO questions (id, test_id, text, type, `order`, created_at, updated_at) VALUES ('cmgyzekm1000ju3l0wqjn55rj', 'cmgyzeklz0000u3l09cwl94v2', 'Я доверяю партнёру и не проверяю его сообщения.', 'scale', 4, '2025-10-23T06:40:20.247Z', '2025-10-23T06:40:20.247Z');
INSERT INTO answer_options (id, question_id, text, value, weights, created_at, updated_at) VALUES ('cmgyzekm1000ku3l016wo6351', 'cmgyzekm1000ju3l0wqjn55rj', 'Совсем не про меня', 1, '{"A_SECURE":1}', '2025-10-23T06:40:20.247Z', '2025-10-23T06:40:20.247Z');
INSERT INTO answer_options (id, question_id, text, value, weights, created_at, updated_at) VALUES ('cmgyzekm1000lu3l0h7yz3v7x', 'cmgyzekm1000ju3l0wqjn55rj', 'Скорее нет', 2, '{"A_SECURE":2}', '2025-10-23T06:40:20.247Z', '2025-10-23T06:40:20.247Z');
INSERT INTO answer_options (id, question_id, text, value, weights, created_at, updated_at) VALUES ('cmgyzekm1000mu3l023kuqzd5', 'cmgyzekm1000ju3l0wqjn55rj', 'Иногда', 3, '{"A_SECURE":3}', '2025-10-23T06:40:20.247Z', '2025-10-23T06:40:20.247Z');
INSERT INTO answer_options (id, question_id, text, value, weights, created_at, updated_at) VALUES ('cmgyzekm1000nu3l09pb3fysb', 'cmgyzekm1000ju3l0wqjn55rj', 'Скорее да', 4, '{"A_SECURE":4}', '2025-10-23T06:40:20.247Z', '2025-10-23T06:40:20.247Z');
INSERT INTO answer_options (id, question_id, text, value, weights, created_at, updated_at) VALUES ('cmgyzekm1000ou3l0ilw7p6ir', 'cmgyzekm1000ju3l0wqjn55rj', 'Точно про меня', 5, '{"A_SECURE":5}', '2025-10-23T06:40:20.247Z', '2025-10-23T06:40:20.247Z');
INSERT INTO questions (id, test_id, text, type, `order`, created_at, updated_at) VALUES ('cmgyzekm1000pu3l0ic5mz6n0', 'cmgyzeklz0000u3l09cwl94v2', 'Боюсь, что партнёр может меня бросить.', 'scale', 5, '2025-10-23T06:40:20.247Z', '2025-10-23T06:40:20.247Z');
INSERT INTO answer_options (id, question_id, text, value, weights, created_at, updated_at) VALUES ('cmgyzekm1000qu3l0hryj8kqq', 'cmgyzekm1000pu3l0ic5mz6n0', 'Никогда', 1, '{"A_ANXIOUS":1}', '2025-10-23T06:40:20.247Z', '2025-10-23T06:40:20.247Z');
INSERT INTO answer_options (id, question_id, text, value, weights, created_at, updated_at) VALUES ('cmgyzekm1000ru3l055u84adv', 'cmgyzekm1000pu3l0ic5mz6n0', 'Редко', 2, '{"A_ANXIOUS":2}', '2025-10-23T06:40:20.247Z', '2025-10-23T06:40:20.247Z');
INSERT INTO answer_options (id, question_id, text, value, weights, created_at, updated_at) VALUES ('cmgyzekm1000su3l0kinmh8ma', 'cmgyzekm1000pu3l0ic5mz6n0', 'Иногда', 3, '{"A_ANXIOUS":3}', '2025-10-23T06:40:20.247Z', '2025-10-23T06:40:20.247Z');
INSERT INTO answer_options (id, question_id, text, value, weights, created_at, updated_at) VALUES ('cmgyzekm1000tu3l0ui48usjl', 'cmgyzekm1000pu3l0ic5mz6n0', 'Часто', 4, '{"A_ANXIOUS":4}', '2025-10-23T06:40:20.247Z', '2025-10-23T06:40:20.247Z');
INSERT INTO answer_options (id, question_id, text, value, weights, created_at, updated_at) VALUES ('cmgyzekm1000uu3l0ulihn97c', 'cmgyzekm1000pu3l0ic5mz6n0', 'Почти всегда', 5, '{"A_ANXIOUS":5}', '2025-10-23T06:40:20.247Z', '2025-10-23T06:40:20.247Z');
INSERT INTO questions (id, test_id, text, type, `order`, created_at, updated_at) VALUES ('cmgyzekm1000vu3l0i66udjl6', 'cmgyzeklz0000u3l09cwl94v2', 'Предпочитаю не показывать уязвимость в отношениях.', 'scale', 6, '2025-10-23T06:40:20.247Z', '2025-10-23T06:40:20.247Z');
INSERT INTO answer_options (id, question_id, text, value, weights, created_at, updated_at) VALUES ('cmgyzekm1000wu3l0rgzt7uo9', 'cmgyzekm1000vu3l0i66udjl6', 'Совсем не про меня', 1, '{"A_AVOIDANT":1}', '2025-10-23T06:40:20.247Z', '2025-10-23T06:40:20.247Z');
INSERT INTO answer_options (id, question_id, text, value, weights, created_at, updated_at) VALUES ('cmgyzekm1000xu3l08p0ja81e', 'cmgyzekm1000vu3l0i66udjl6', 'Скорее нет', 2, '{"A_AVOIDANT":2}', '2025-10-23T06:40:20.247Z', '2025-10-23T06:40:20.247Z');
INSERT INTO answer_options (id, question_id, text, value, weights, created_at, updated_at) VALUES ('cmgyzekm1000yu3l0gsa2xu2p', 'cmgyzekm1000vu3l0i66udjl6', 'Иногда', 3, '{"A_AVOIDANT":3}', '2025-10-23T06:40:20.247Z', '2025-10-23T06:40:20.247Z');
INSERT INTO answer_options (id, question_id, text, value, weights, created_at, updated_at) VALUES ('cmgyzekm1000zu3l0zayf8pc3', 'cmgyzekm1000vu3l0i66udjl6', 'Скорее да', 4, '{"A_AVOIDANT":4}', '2025-10-23T06:40:20.247Z', '2025-10-23T06:40:20.247Z');
INSERT INTO answer_options (id, question_id, text, value, weights, created_at, updated_at) VALUES ('cmgyzekm10010u3l0m9w4x41d', 'cmgyzekm1000vu3l0i66udjl6', 'Точно про меня', 5, '{"A_AVOIDANT":5}', '2025-10-23T06:40:20.247Z', '2025-10-23T06:40:20.247Z');
INSERT INTO questions (id, test_id, text, type, `order`, created_at, updated_at) VALUES ('cmgyzekm10011u3l0j14z2q9j', 'cmgyzeklz0000u3l09cwl94v2', 'Легко прошу о помощи у близких людей.', 'scale', 7, '2025-10-23T06:40:20.247Z', '2025-10-23T06:40:20.247Z');
INSERT INTO answer_options (id, question_id, text, value, weights, created_at, updated_at) VALUES ('cmgyzekm10012u3l0bgd06gws', 'cmgyzekm10011u3l0j14z2q9j', 'Совсем не про меня', 1, '{"A_SECURE":1}', '2025-10-23T06:40:20.247Z', '2025-10-23T06:40:20.247Z');
INSERT INTO answer_options (id, question_id, text, value, weights, created_at, updated_at) VALUES ('cmgyzekm10013u3l0g9vybetc', 'cmgyzekm10011u3l0j14z2q9j', 'Скорее нет', 2, '{"A_SECURE":2}', '2025-10-23T06:40:20.247Z', '2025-10-23T06:40:20.247Z');
INSERT INTO answer_options (id, question_id, text, value, weights, created_at, updated_at) VALUES ('cmgyzekm10014u3l0hykasxch', 'cmgyzekm10011u3l0j14z2q9j', 'Иногда', 3, '{"A_SECURE":3}', '2025-10-23T06:40:20.247Z', '2025-10-23T06:40:20.247Z');
INSERT INTO answer_options (id, question_id, text, value, weights, created_at, updated_at) VALUES ('cmgyzekm10015u3l0odfoqb4q', 'cmgyzekm10011u3l0j14z2q9j', 'Скорее да', 4, '{"A_SECURE":4}', '2025-10-23T06:40:20.247Z', '2025-10-23T06:40:20.247Z');
INSERT INTO answer_options (id, question_id, text, value, weights, created_at, updated_at) VALUES ('cmgyzekm10016u3l00mq2xgrw', 'cmgyzekm10011u3l0j14z2q9j', 'Точно про меня', 5, '{"A_SECURE":5}', '2025-10-23T06:40:20.247Z', '2025-10-23T06:40:20.247Z');
INSERT INTO questions (id, test_id, text, type, `order`, created_at, updated_at) VALUES ('cmgyzekm20017u3l0ooys4rm4', 'cmgyzeklz0000u3l09cwl94v2', 'Нуждаюсь в постоянном подтверждении любви от партнёра.', 'scale', 8, '2025-10-23T06:40:20.247Z', '2025-10-23T06:40:20.247Z');
INSERT INTO answer_options (id, question_id, text, value, weights, created_at, updated_at) VALUES ('cmgyzekm20018u3l0srb4h1q7', 'cmgyzekm20017u3l0ooys4rm4', 'Никогда', 1, '{"A_ANXIOUS":1}', '2025-10-23T06:40:20.247Z', '2025-10-23T06:40:20.247Z');
INSERT INTO answer_options (id, question_id, text, value, weights, created_at, updated_at) VALUES ('cmgyzekm20019u3l0o84a2gsk', 'cmgyzekm20017u3l0ooys4rm4', 'Редко', 2, '{"A_ANXIOUS":2}', '2025-10-23T06:40:20.247Z', '2025-10-23T06:40:20.247Z');
INSERT INTO answer_options (id, question_id, text, value, weights, created_at, updated_at) VALUES ('cmgyzekm2001au3l0qtna405h', 'cmgyzekm20017u3l0ooys4rm4', 'Иногда', 3, '{"A_ANXIOUS":3}', '2025-10-23T06:40:20.247Z', '2025-10-23T06:40:20.247Z');
INSERT INTO answer_options (id, question_id, text, value, weights, created_at, updated_at) VALUES ('cmgyzekm2001bu3l03g2hcrxt', 'cmgyzekm20017u3l0ooys4rm4', 'Часто', 4, '{"A_ANXIOUS":4}', '2025-10-23T06:40:20.247Z', '2025-10-23T06:40:20.247Z');
INSERT INTO answer_options (id, question_id, text, value, weights, created_at, updated_at) VALUES ('cmgyzekm2001cu3l0fawomn2y', 'cmgyzekm20017u3l0ooys4rm4', 'Почти всегда', 5, '{"A_ANXIOUS":5}', '2025-10-23T06:40:20.247Z', '2025-10-23T06:40:20.247Z');
INSERT INTO questions (id, test_id, text, type, `order`, created_at, updated_at) VALUES ('cmgyzekm2001du3l01auat46o', 'cmgyzeklz0000u3l09cwl94v2', 'Чувствую себя некомфортно, когда отношения становятся слишком близкими.', 'scale', 9, '2025-10-23T06:40:20.247Z', '2025-10-23T06:40:20.247Z');
INSERT INTO answer_options (id, question_id, text, value, weights, created_at, updated_at) VALUES ('cmgyzekm2001eu3l0vbfy0rdr', 'cmgyzekm2001du3l01auat46o', 'Совсем не про меня', 1, '{"A_AVOIDANT":1}', '2025-10-23T06:40:20.247Z', '2025-10-23T06:40:20.247Z');
INSERT INTO answer_options (id, question_id, text, value, weights, created_at, updated_at) VALUES ('cmgyzekm2001fu3l0qhq2s8a2', 'cmgyzekm2001du3l01auat46o', 'Скорее нет', 2, '{"A_AVOIDANT":2}', '2025-10-23T06:40:20.247Z', '2025-10-23T06:40:20.247Z');
INSERT INTO answer_options (id, question_id, text, value, weights, created_at, updated_at) VALUES ('cmgyzekm2001gu3l07hbxmeyl', 'cmgyzekm2001du3l01auat46o', 'Иногда', 3, '{"A_AVOIDANT":3}', '2025-10-23T06:40:20.247Z', '2025-10-23T06:40:20.247Z');
INSERT INTO answer_options (id, question_id, text, value, weights, created_at, updated_at) VALUES ('cmgyzekm2001hu3l0f2u3rata', 'cmgyzekm2001du3l01auat46o', 'Скорее да', 4, '{"A_AVOIDANT":4}', '2025-10-23T06:40:20.247Z', '2025-10-23T06:40:20.247Z');
INSERT INTO answer_options (id, question_id, text, value, weights, created_at, updated_at) VALUES ('cmgyzekm2001iu3l0i8m5ozjs', 'cmgyzekm2001du3l01auat46o', 'Точно про меня', 5, '{"A_AVOIDANT":5}', '2025-10-23T06:40:20.247Z', '2025-10-23T06:40:20.247Z');
INSERT INTO questions (id, test_id, text, type, `order`, created_at, updated_at) VALUES ('cmgyzekm2001ju3l06n79u1mj', 'cmgyzeklz0000u3l09cwl94v2', 'Могу быть собой рядом с партнёром.', 'scale', 10, '2025-10-23T06:40:20.247Z', '2025-10-23T06:40:20.247Z');
INSERT INTO answer_options (id, question_id, text, value, weights, created_at, updated_at) VALUES ('cmgyzekm2001ku3l05eyq1fgz', 'cmgyzekm2001ju3l06n79u1mj', 'Совсем не про меня', 1, '{"A_SECURE":1}', '2025-10-23T06:40:20.247Z', '2025-10-23T06:40:20.247Z');
INSERT INTO answer_options (id, question_id, text, value, weights, created_at, updated_at) VALUES ('cmgyzekm2001lu3l0a60yijhp', 'cmgyzekm2001ju3l06n79u1mj', 'Скорее нет', 2, '{"A_SECURE":2}', '2025-10-23T06:40:20.247Z', '2025-10-23T06:40:20.247Z');
INSERT INTO answer_options (id, question_id, text, value, weights, created_at, updated_at) VALUES ('cmgyzekm2001mu3l0fzb8gqbs', 'cmgyzekm2001ju3l06n79u1mj', 'Иногда', 3, '{"A_SECURE":3}', '2025-10-23T06:40:20.247Z', '2025-10-23T06:40:20.247Z');
INSERT INTO answer_options (id, question_id, text, value, weights, created_at, updated_at) VALUES ('cmgyzekm2001nu3l0er6zvbds', 'cmgyzekm2001ju3l06n79u1mj', 'Скорее да', 4, '{"A_SECURE":4}', '2025-10-23T06:40:20.247Z', '2025-10-23T06:40:20.247Z');
INSERT INTO answer_options (id, question_id, text, value, weights, created_at, updated_at) VALUES ('cmgyzekm2001ou3l0o2801b4a', 'cmgyzekm2001ju3l06n79u1mj', 'Точно про меня', 5, '{"A_SECURE":5}', '2025-10-23T06:40:20.247Z', '2025-10-23T06:40:20.247Z');
INSERT INTO questions (id, test_id, text, type, `order`, created_at, updated_at) VALUES ('cmgyzekm2001pu3l04xgi1jvb', 'cmgyzeklz0000u3l09cwl94v2', 'Без чего отношения теряют смысл?', 'single', 11, '2025-10-23T06:40:20.247Z', '2025-10-23T06:40:20.247Z');
INSERT INTO answer_options (id, question_id, text, value, weights, created_at, updated_at) VALUES ('cmgyzekm2001qu3l0aa807ca8', 'cmgyzekm2001pu3l04xgi1jvb', 'Поддержки и понимания', 1, '{"V_SUPPORT":5}', '2025-10-23T06:40:20.247Z', '2025-10-23T06:40:20.247Z');
INSERT INTO answer_options (id, question_id, text, value, weights, created_at, updated_at) VALUES ('cmgyzekm2001ru3l0i0r94itv', 'cmgyzekm2001pu3l04xgi1jvb', 'Страсти и романтики', 2, '{"V_PASSION":5}', '2025-10-23T06:40:20.247Z', '2025-10-23T06:40:20.247Z');
INSERT INTO answer_options (id, question_id, text, value, weights, created_at, updated_at) VALUES ('cmgyzekm2001su3l0zni6w2vr', 'cmgyzekm2001pu3l04xgi1jvb', 'Безопасности и стабильности', 3, '{"V_SECURITY":5}', '2025-10-23T06:40:20.247Z', '2025-10-23T06:40:20.247Z');
INSERT INTO answer_options (id, question_id, text, value, weights, created_at, updated_at) VALUES ('cmgyzekm2001tu3l0sdkccqwz', 'cmgyzekm2001pu3l04xgi1jvb', 'Личного роста и развития', 4, '{"V_GROWTH":5}', '2025-10-23T06:40:20.247Z', '2025-10-23T06:40:20.247Z');
INSERT INTO questions (id, test_id, text, type, `order`, created_at, updated_at) VALUES ('cmgyzekm2001uu3l0wveq8tpo', 'cmgyzeklz0000u3l09cwl94v2', 'Что важнее всего в долгосрочных отношениях?', 'single', 12, '2025-10-23T06:40:20.247Z', '2025-10-23T06:40:20.247Z');
INSERT INTO answer_options (id, question_id, text, value, weights, created_at, updated_at) VALUES ('cmgyzekm2001vu3l0n80mkrak', 'cmgyzekm2001uu3l0wveq8tpo', 'Взаимная поддержка', 1, '{"V_SUPPORT":5}', '2025-10-23T06:40:20.247Z', '2025-10-23T06:40:20.247Z');
INSERT INTO answer_options (id, question_id, text, value, weights, created_at, updated_at) VALUES ('cmgyzekm2001wu3l01t37bvs9', 'cmgyzekm2001uu3l0wveq8tpo', 'Сохранение страсти', 2, '{"V_PASSION":5}', '2025-10-23T06:40:20.247Z', '2025-10-23T06:40:20.247Z');
INSERT INTO answer_options (id, question_id, text, value, weights, created_at, updated_at) VALUES ('cmgyzekm2001xu3l01rhyxq7e', 'cmgyzekm2001uu3l0wveq8tpo', 'Надёжность', 3, '{"V_SECURITY":5}', '2025-10-23T06:40:20.247Z', '2025-10-23T06:40:20.247Z');
INSERT INTO answer_options (id, question_id, text, value, weights, created_at, updated_at) VALUES ('cmgyzekm2001yu3l02yan2ixn', 'cmgyzekm2001uu3l0wveq8tpo', 'Совместное развитие', 4, '{"V_GROWTH":5}', '2025-10-23T06:40:20.247Z', '2025-10-23T06:40:20.247Z');
INSERT INTO questions (id, test_id, text, type, `order`, created_at, updated_at) VALUES ('cmgyzekm2001zu3l0lytrqjun', 'cmgyzeklz0000u3l09cwl94v2', 'Какой аспект отношений для вас приоритетен?', 'single', 13, '2025-10-23T06:40:20.247Z', '2025-10-23T06:40:20.247Z');
INSERT INTO answer_options (id, question_id, text, value, weights, created_at, updated_at) VALUES ('cmgyzekm20020u3l07363xpnm', 'cmgyzekm2001zu3l0lytrqjun', 'Эмоциональная близость', 1, '{"V_SUPPORT":5}', '2025-10-23T06:40:20.247Z', '2025-10-23T06:40:20.247Z');
INSERT INTO answer_options (id, question_id, text, value, weights, created_at, updated_at) VALUES ('cmgyzekm20021u3l0ybjeg85k', 'cmgyzekm2001zu3l0lytrqjun', 'Физическая химия', 2, '{"V_PASSION":5}', '2025-10-23T06:40:20.247Z', '2025-10-23T06:40:20.247Z');
INSERT INTO answer_options (id, question_id, text, value, weights, created_at, updated_at) VALUES ('cmgyzekm20022u3l01q85q6e0', 'cmgyzekm2001zu3l0lytrqjun', 'Финансовая стабильность', 3, '{"V_SECURITY":5}', '2025-10-23T06:40:20.247Z', '2025-10-23T06:40:20.247Z');
INSERT INTO answer_options (id, question_id, text, value, weights, created_at, updated_at) VALUES ('cmgyzekm20023u3l0kmrcx7c8', 'cmgyzekm2001zu3l0lytrqjun', 'Интеллектуальное единство', 4, '{"V_GROWTH":5}', '2025-10-23T06:40:20.247Z', '2025-10-23T06:40:20.247Z');
INSERT INTO questions (id, test_id, text, type, `order`, created_at, updated_at) VALUES ('cmgyzekm20024u3l0t8ord1ml', 'cmgyzeklz0000u3l09cwl94v2', 'Что делает отношения по-настоящему крепкими?', 'single', 14, '2025-10-23T06:40:20.247Z', '2025-10-23T06:40:20.247Z');
INSERT INTO answer_options (id, question_id, text, value, weights, created_at, updated_at) VALUES ('cmgyzekm20025u3l0q48m2f7j', 'cmgyzekm20024u3l0t8ord1ml', 'Быть опорой друг для друга', 1, '{"V_SUPPORT":5}', '2025-10-23T06:40:20.247Z', '2025-10-23T06:40:20.247Z');
INSERT INTO answer_options (id, question_id, text, value, weights, created_at, updated_at) VALUES ('cmgyzekm20026u3l0awasuyxq', 'cmgyzekm20024u3l0t8ord1ml', 'Сохранять искру', 2, '{"V_PASSION":5}', '2025-10-23T06:40:20.247Z', '2025-10-23T06:40:20.247Z');
INSERT INTO answer_options (id, question_id, text, value, weights, created_at, updated_at) VALUES ('cmgyzekm20027u3l0ciwl2mt3', 'cmgyzekm20024u3l0t8ord1ml', 'Соблюдать границы', 3, '{"V_SECURITY":5}', '2025-10-23T06:40:20.247Z', '2025-10-23T06:40:20.247Z');
INSERT INTO answer_options (id, question_id, text, value, weights, created_at, updated_at) VALUES ('cmgyzekm20028u3l0tey86ze5', 'cmgyzekm20024u3l0t8ord1ml', 'Стремиться к общим целям', 4, '{"V_GROWTH":5}', '2025-10-23T06:40:20.247Z', '2025-10-23T06:40:20.247Z');
INSERT INTO questions (id, test_id, text, type, `order`, created_at, updated_at) VALUES ('cmgyzekm20029u3l0i09p94ze', 'cmgyzeklz0000u3l09cwl94v2', 'В чём вы видите главную ценность партнёрства?', 'single', 15, '2025-10-23T06:40:20.247Z', '2025-10-23T06:40:20.247Z');
INSERT INTO answer_options (id, question_id, text, value, weights, created_at, updated_at) VALUES ('cmgyzekm2002au3l0sksaq6ot', 'cmgyzekm20029u3l0i09p94ze', 'Быть понятым и принятым', 1, '{"V_SUPPORT":5}', '2025-10-23T06:40:20.247Z', '2025-10-23T06:40:20.247Z');
INSERT INTO answer_options (id, question_id, text, value, weights, created_at, updated_at) VALUES ('cmgyzekm2002bu3l0e55pohwz', 'cmgyzekm20029u3l0i09p94ze', 'Переживать эмоции', 2, '{"V_PASSION":5}', '2025-10-23T06:40:20.247Z', '2025-10-23T06:40:20.247Z');
INSERT INTO answer_options (id, question_id, text, value, weights, created_at, updated_at) VALUES ('cmgyzekm2002cu3l0o8h0m152', 'cmgyzekm20029u3l0i09p94ze', 'Создавать уют и надёжность', 3, '{"V_SECURITY":5}', '2025-10-23T06:40:20.247Z', '2025-10-23T06:40:20.247Z');
INSERT INTO answer_options (id, question_id, text, value, weights, created_at, updated_at) VALUES ('cmgyzekm2002du3l0arfbqpfv', 'cmgyzekm20029u3l0i09p94ze', 'Расти вместе', 4, '{"V_GROWTH":5}', '2025-10-23T06:40:20.247Z', '2025-10-23T06:40:20.247Z');
INSERT INTO questions (id, test_id, text, type, `order`, created_at, updated_at) VALUES ('cmgyzekm2002eu3l06e690db3', 'cmgyzeklz0000u3l09cwl94v2', 'Что больше всего мотивирует вас в отношениях?', 'single', 16, '2025-10-23T06:40:20.247Z', '2025-10-23T06:40:20.247Z');
INSERT INTO answer_options (id, question_id, text, value, weights, created_at, updated_at) VALUES ('cmgyzekm3002fu3l0t3xpm6z4', 'cmgyzekm2002eu3l06e690db3', 'Забота о партнёре', 1, '{"V_SUPPORT":5}', '2025-10-23T06:40:20.247Z', '2025-10-23T06:40:20.247Z');
INSERT INTO answer_options (id, question_id, text, value, weights, created_at, updated_at) VALUES ('cmgyzekm3002gu3l03supb20c', 'cmgyzekm2002eu3l06e690db3', 'Романтические переживания', 2, '{"V_PASSION":5}', '2025-10-23T06:40:20.247Z', '2025-10-23T06:40:20.247Z');
INSERT INTO answer_options (id, question_id, text, value, weights, created_at, updated_at) VALUES ('cmgyzekm3002hu3l0hj1idczy', 'cmgyzekm2002eu3l06e690db3', 'Стабильность', 3, '{"V_SECURITY":5}', '2025-10-23T06:40:20.247Z', '2025-10-23T06:40:20.247Z');
INSERT INTO answer_options (id, question_id, text, value, weights, created_at, updated_at) VALUES ('cmgyzekm3002iu3l0f4bdzqy8', 'cmgyzekm2002eu3l06e690db3', 'Возможность развиваться', 4, '{"V_GROWTH":5}', '2025-10-23T06:40:20.247Z', '2025-10-23T06:40:20.247Z');
INSERT INTO questions (id, test_id, text, type, `order`, created_at, updated_at) VALUES ('cmgyzekm3002ju3l06ru4wrlb', 'cmgyzeklz0000u3l09cwl94v2', 'Какой тип отношений вы считаете идеальным?', 'single', 17, '2025-10-23T06:40:20.247Z', '2025-10-23T06:40:20.247Z');
INSERT INTO answer_options (id, question_id, text, value, weights, created_at, updated_at) VALUES ('cmgyzekm3002ku3l0jp4w7ve9', 'cmgyzekm3002ju3l06ru4wrlb', 'Где партнёры поддерживают друг друга', 1, '{"V_SUPPORT":5}', '2025-10-23T06:40:20.247Z', '2025-10-23T06:40:20.247Z');
INSERT INTO answer_options (id, question_id, text, value, weights, created_at, updated_at) VALUES ('cmgyzekm3002lu3l0dvjc0dgi', 'cmgyzekm3002ju3l06ru4wrlb', 'Где есть страсть и романтика', 2, '{"V_PASSION":5}', '2025-10-23T06:40:20.247Z', '2025-10-23T06:40:20.247Z');
INSERT INTO answer_options (id, question_id, text, value, weights, created_at, updated_at) VALUES ('cmgyzekm3002mu3l0thz1ikty', 'cmgyzekm3002ju3l06ru4wrlb', 'Где есть чёткие границы', 3, '{"V_SECURITY":5}', '2025-10-23T06:40:20.247Z', '2025-10-23T06:40:20.247Z');
INSERT INTO answer_options (id, question_id, text, value, weights, created_at, updated_at) VALUES ('cmgyzekm3002nu3l0jn6f3n9v', 'cmgyzekm3002ju3l06ru4wrlb', 'Где есть развитие и свобода', 4, '{"V_GROWTH":5}', '2025-10-23T06:40:20.247Z', '2025-10-23T06:40:20.247Z');
INSERT INTO questions (id, test_id, text, type, `order`, created_at, updated_at) VALUES ('cmgyzekm3002ou3l07bq911sk', 'cmgyzeklz0000u3l09cwl94v2', 'Что важнее в конфликтных ситуациях?', 'single', 18, '2025-10-23T06:40:20.247Z', '2025-10-23T06:40:20.247Z');
INSERT INTO answer_options (id, question_id, text, value, weights, created_at, updated_at) VALUES ('cmgyzekm3002pu3l0opd51svk', 'cmgyzekm3002ou3l07bq911sk', 'Понимание чувств партнёра', 1, '{"V_SUPPORT":5}', '2025-10-23T06:40:20.247Z', '2025-10-23T06:40:20.247Z');
INSERT INTO answer_options (id, question_id, text, value, weights, created_at, updated_at) VALUES ('cmgyzekm3002qu3l0u9z1pqdp', 'cmgyzekm3002ou3l07bq911sk', 'Сохранение эмоциональной связи', 2, '{"V_PASSION":5}', '2025-10-23T06:40:20.247Z', '2025-10-23T06:40:20.247Z');
INSERT INTO answer_options (id, question_id, text, value, weights, created_at, updated_at) VALUES ('cmgyzekm3002ru3l0kzcpo305', 'cmgyzekm3002ou3l07bq911sk', 'Определение границ', 3, '{"V_SECURITY":5}', '2025-10-23T06:40:20.247Z', '2025-10-23T06:40:20.247Z');
INSERT INTO answer_options (id, question_id, text, value, weights, created_at, updated_at) VALUES ('cmgyzekm3002su3l0f5kzzg2t', 'cmgyzekm3002ou3l07bq911sk', 'Извлечение урока', 4, '{"V_GROWTH":5}', '2025-10-23T06:40:20.247Z', '2025-10-23T06:40:20.247Z');
INSERT INTO questions (id, test_id, text, type, `order`, created_at, updated_at) VALUES ('cmgyzekm3002tu3l0g2yrzcdn', 'cmgyzeklz0000u3l09cwl94v2', 'Что делает вас счастливым в отношениях?', 'single', 19, '2025-10-23T06:40:20.247Z', '2025-10-23T06:40:20.247Z');
INSERT INTO answer_options (id, question_id, text, value, weights, created_at, updated_at) VALUES ('cmgyzekm3002uu3l0oygaon0y', 'cmgyzekm3002tu3l0g2yrzcdn', 'Поддержка', 1, '{"V_SUPPORT":5}', '2025-10-23T06:40:20.247Z', '2025-10-23T06:40:20.247Z');
INSERT INTO answer_options (id, question_id, text, value, weights, created_at, updated_at) VALUES ('cmgyzekm3002vu3l07hzyvd95', 'cmgyzekm3002tu3l0g2yrzcdn', 'Страсть', 2, '{"V_PASSION":5}', '2025-10-23T06:40:20.247Z', '2025-10-23T06:40:20.247Z');
INSERT INTO answer_options (id, question_id, text, value, weights, created_at, updated_at) VALUES ('cmgyzekm3002wu3l06bilr1yw', 'cmgyzekm3002tu3l0g2yrzcdn', 'Защищённость', 3, '{"V_SECURITY":5}', '2025-10-23T06:40:20.247Z', '2025-10-23T06:40:20.247Z');
INSERT INTO answer_options (id, question_id, text, value, weights, created_at, updated_at) VALUES ('cmgyzekm3002xu3l0u3b70tcc', 'cmgyzekm3002tu3l0g2yrzcdn', 'Развитие', 4, '{"V_GROWTH":5}', '2025-10-23T06:40:20.247Z', '2025-10-23T06:40:20.247Z');
INSERT INTO questions (id, test_id, text, type, `order`, created_at, updated_at) VALUES ('cmgyzekm3002yu3l0tkd3cmjg', 'cmgyzeklz0000u3l09cwl94v2', 'Что больше всего даёт ощущение любви?', 'single', 20, '2025-10-23T06:40:20.247Z', '2025-10-23T06:40:20.247Z');
INSERT INTO answer_options (id, question_id, text, value, weights, created_at, updated_at) VALUES ('cmgyzekm3002zu3l05dzozltw', 'cmgyzekm3002yu3l0tkd3cmjg', 'Тёплые слова', 1, '{"L_WORDS":5}', '2025-10-23T06:40:20.247Z', '2025-10-23T06:40:20.247Z');
INSERT INTO answer_options (id, question_id, text, value, weights, created_at, updated_at) VALUES ('cmgyzekm30030u3l0mjd21ef9', 'cmgyzekm3002yu3l0tkd3cmjg', 'Совместное время', 2, '{"L_TIME":5}', '2025-10-23T06:40:20.247Z', '2025-10-23T06:40:20.247Z');
INSERT INTO answer_options (id, question_id, text, value, weights, created_at, updated_at) VALUES ('cmgyzekm30031u3l0dy8980ge', 'cmgyzekm3002yu3l0tkd3cmjg', 'Подарки и внимание', 3, '{"L_GIFTS":5}', '2025-10-23T06:40:20.247Z', '2025-10-23T06:40:20.247Z');
INSERT INTO answer_options (id, question_id, text, value, weights, created_at, updated_at) VALUES ('cmgyzekm30032u3l06jd1vb77', 'cmgyzekm3002yu3l0tkd3cmjg', 'Помощь и забота', 4, '{"L_SERVICE":5}', '2025-10-23T06:40:20.247Z', '2025-10-23T06:40:20.247Z');
INSERT INTO answer_options (id, question_id, text, value, weights, created_at, updated_at) VALUES ('cmgyzekm30033u3l04uvn5b23', 'cmgyzekm3002yu3l0tkd3cmjg', 'Прикосновения', 5, '{"L_TOUCH":5}', '2025-10-23T06:40:20.247Z', '2025-10-23T06:40:20.247Z');
INSERT INTO questions (id, test_id, text, type, `order`, created_at, updated_at) VALUES ('cmgyzekm30034u3l02yqces3e', 'cmgyzeklz0000u3l09cwl94v2', 'Как вы предпочитаете получать поддержку?', 'single', 21, '2025-10-23T06:40:20.247Z', '2025-10-23T06:40:20.247Z');
INSERT INTO answer_options (id, question_id, text, value, weights, created_at, updated_at) VALUES ('cmgyzekm30035u3l0d1elfgp5', 'cmgyzekm30034u3l02yqces3e', 'Ободряющие слова', 1, '{"L_WORDS":5}', '2025-10-23T06:40:20.247Z', '2025-10-23T06:40:20.247Z');
INSERT INTO answer_options (id, question_id, text, value, weights, created_at, updated_at) VALUES ('cmgyzekm30036u3l0mcntytra', 'cmgyzekm30034u3l02yqces3e', 'Совместное время', 2, '{"L_TIME":5}', '2025-10-23T06:40:20.247Z', '2025-10-23T06:40:20.247Z');
INSERT INTO answer_options (id, question_id, text, value, weights, created_at, updated_at) VALUES ('cmgyzekm30037u3l0fxd67mzg', 'cmgyzekm30034u3l02yqces3e', 'Маленькие сюрпризы', 3, '{"L_GIFTS":5}', '2025-10-23T06:40:20.247Z', '2025-10-23T06:40:20.247Z');
INSERT INTO answer_options (id, question_id, text, value, weights, created_at, updated_at) VALUES ('cmgyzekm30038u3l0m8b4n49i', 'cmgyzekm30034u3l02yqces3e', 'Практическая помощь', 4, '{"L_SERVICE":5}', '2025-10-23T06:40:20.247Z', '2025-10-23T06:40:20.247Z');
INSERT INTO answer_options (id, question_id, text, value, weights, created_at, updated_at) VALUES ('cmgyzekm30039u3l0r3y8qiao', 'cmgyzekm30034u3l02yqces3e', 'Объятия', 5, '{"L_TOUCH":5}', '2025-10-23T06:40:20.247Z', '2025-10-23T06:40:20.247Z');
INSERT INTO questions (id, test_id, text, type, `order`, created_at, updated_at) VALUES ('cmgyzekm3003au3l07p072d39', 'cmgyzeklz0000u3l09cwl94v2', 'Что заставляет вас чувствовать себя особенным?', 'single', 22, '2025-10-23T06:40:20.247Z', '2025-10-23T06:40:20.247Z');
INSERT INTO answer_options (id, question_id, text, value, weights, created_at, updated_at) VALUES ('cmgyzekm3003bu3l0ii90y140', 'cmgyzekm3003au3l07p072d39', 'Комплименты', 1, '{"L_WORDS":5}', '2025-10-23T06:40:20.247Z', '2025-10-23T06:40:20.247Z');
INSERT INTO answer_options (id, question_id, text, value, weights, created_at, updated_at) VALUES ('cmgyzekm3003cu3l0nbj4j9n0', 'cmgyzekm3003au3l07p072d39', 'Внимание без отвлечений', 2, '{"L_TIME":5}', '2025-10-23T06:40:20.247Z', '2025-10-23T06:40:20.247Z');
INSERT INTO answer_options (id, question_id, text, value, weights, created_at, updated_at) VALUES ('cmgyzekm3003du3l0xmaj62fy', 'cmgyzekm3003au3l07p072d39', 'Подарки', 3, '{"L_GIFTS":5}', '2025-10-23T06:40:20.247Z', '2025-10-23T06:40:20.247Z');
INSERT INTO answer_options (id, question_id, text, value, weights, created_at, updated_at) VALUES ('cmgyzekm3003eu3l0cbrf366i', 'cmgyzekm3003au3l07p072d39', 'Помощь в делах', 4, '{"L_SERVICE":5}', '2025-10-23T06:40:20.247Z', '2025-10-23T06:40:20.247Z');
INSERT INTO answer_options (id, question_id, text, value, weights, created_at, updated_at) VALUES ('cmgyzekm3003fu3l0xyg6zyil', 'cmgyzekm3003au3l07p072d39', 'Нежные прикосновения', 5, '{"L_TOUCH":5}', '2025-10-23T06:40:20.247Z', '2025-10-23T06:40:20.247Z');
INSERT INTO questions (id, test_id, text, type, `order`, created_at, updated_at) VALUES ('cmgyzekm3003gu3l01eitbrxn', 'cmgyzeklz0000u3l09cwl94v2', 'Как вы выражаете любовь к партнёру?', 'single', 23, '2025-10-23T06:40:20.247Z', '2025-10-23T06:40:20.247Z');
INSERT INTO answer_options (id, question_id, text, value, weights, created_at, updated_at) VALUES ('cmgyzekm3003hu3l0e1dfjz3x', 'cmgyzekm3003gu3l01eitbrxn', 'Говорю о чувствах', 1, '{"L_WORDS":5}', '2025-10-23T06:40:20.247Z', '2025-10-23T06:40:20.247Z');
INSERT INTO answer_options (id, question_id, text, value, weights, created_at, updated_at) VALUES ('cmgyzekm3003iu3l0qpzwrv26', 'cmgyzekm3003gu3l01eitbrxn', 'Провожу время', 2, '{"L_TIME":5}', '2025-10-23T06:40:20.247Z', '2025-10-23T06:40:20.247Z');
INSERT INTO answer_options (id, question_id, text, value, weights, created_at, updated_at) VALUES ('cmgyzekm3003ju3l0t2fbu1zo', 'cmgyzekm3003gu3l01eitbrxn', 'Дарю подарки', 3, '{"L_GIFTS":5}', '2025-10-23T06:40:20.247Z', '2025-10-23T06:40:20.247Z');
INSERT INTO answer_options (id, question_id, text, value, weights, created_at, updated_at) VALUES ('cmgyzekm3003ku3l0pmfytohk', 'cmgyzekm3003gu3l01eitbrxn', 'Помогаю', 4, '{"L_SERVICE":5}', '2025-10-23T06:40:20.247Z', '2025-10-23T06:40:20.247Z');
INSERT INTO answer_options (id, question_id, text, value, weights, created_at, updated_at) VALUES ('cmgyzekm3003lu3l0c3593j2c', 'cmgyzekm3003gu3l01eitbrxn', 'Обнимаю', 5, '{"L_TOUCH":5}', '2025-10-23T06:40:20.247Z', '2025-10-23T06:40:20.247Z');
INSERT INTO questions (id, test_id, text, type, `order`, created_at, updated_at) VALUES ('cmgyzekm3003mu3l0ggs0okkq', 'cmgyzeklz0000u3l09cwl94v2', 'Что для вас важнее всего в проявлении заботы?', 'single', 24, '2025-10-23T06:40:20.247Z', '2025-10-23T06:40:20.247Z');
INSERT INTO answer_options (id, question_id, text, value, weights, created_at, updated_at) VALUES ('cmgyzekm4003nu3l0vnjfdklp', 'cmgyzekm3003mu3l0ggs0okkq', 'Слова', 1, '{"L_WORDS":5}', '2025-10-23T06:40:20.247Z', '2025-10-23T06:40:20.247Z');
INSERT INTO answer_options (id, question_id, text, value, weights, created_at, updated_at) VALUES ('cmgyzekm4003ou3l0skueahaz', 'cmgyzekm3003mu3l0ggs0okkq', 'Время', 2, '{"L_TIME":5}', '2025-10-23T06:40:20.247Z', '2025-10-23T06:40:20.247Z');
INSERT INTO answer_options (id, question_id, text, value, weights, created_at, updated_at) VALUES ('cmgyzekm4003pu3l0y7jbdyco', 'cmgyzekm3003mu3l0ggs0okkq', 'Подарки', 3, '{"L_GIFTS":5}', '2025-10-23T06:40:20.247Z', '2025-10-23T06:40:20.247Z');
INSERT INTO answer_options (id, question_id, text, value, weights, created_at, updated_at) VALUES ('cmgyzekm4003qu3l0r0bm1f5i', 'cmgyzekm3003mu3l0ggs0okkq', 'Помощь', 4, '{"L_SERVICE":5}', '2025-10-23T06:40:20.247Z', '2025-10-23T06:40:20.247Z');
INSERT INTO answer_options (id, question_id, text, value, weights, created_at, updated_at) VALUES ('cmgyzekm4003ru3l0ypy2g54d', 'cmgyzekm3003mu3l0ggs0okkq', 'Прикосновения', 5, '{"L_TOUCH":5}', '2025-10-23T06:40:20.247Z', '2025-10-23T06:40:20.247Z');
INSERT INTO questions (id, test_id, text, type, `order`, created_at, updated_at) VALUES ('cmgyzekm4003su3l0rfdrw650', 'cmgyzeklz0000u3l09cwl94v2', 'Как вы предпочитаете отмечать важные моменты?', 'single', 25, '2025-10-23T06:40:20.247Z', '2025-10-23T06:40:20.247Z');
INSERT INTO answer_options (id, question_id, text, value, weights, created_at, updated_at) VALUES ('cmgyzekm4003tu3l0v4xxyeys', 'cmgyzekm4003su3l0rfdrw650', 'Торжественными словами', 1, '{"L_WORDS":5}', '2025-10-23T06:40:20.247Z', '2025-10-23T06:40:20.247Z');
INSERT INTO answer_options (id, question_id, text, value, weights, created_at, updated_at) VALUES ('cmgyzekm4003uu3l0wcj9y1m7', 'cmgyzekm4003su3l0rfdrw650', 'Временем вместе', 2, '{"L_TIME":5}', '2025-10-23T06:40:20.248Z', '2025-10-23T06:40:20.248Z');
INSERT INTO answer_options (id, question_id, text, value, weights, created_at, updated_at) VALUES ('cmgyzekm4003vu3l0o4cla3we', 'cmgyzekm4003su3l0rfdrw650', 'Подарками', 3, '{"L_GIFTS":5}', '2025-10-23T06:40:20.248Z', '2025-10-23T06:40:20.248Z');
INSERT INTO answer_options (id, question_id, text, value, weights, created_at, updated_at) VALUES ('cmgyzekm4003wu3l0or739ncj', 'cmgyzekm4003su3l0rfdrw650', 'Помощью в организации', 4, '{"L_SERVICE":5}', '2025-10-23T06:40:20.248Z', '2025-10-23T06:40:20.248Z');
INSERT INTO answer_options (id, question_id, text, value, weights, created_at, updated_at) VALUES ('cmgyzekm4003xu3l0p04ox06q', 'cmgyzekm4003su3l0rfdrw650', 'Прикосновениями', 5, '{"L_TOUCH":5}', '2025-10-23T06:40:20.248Z', '2025-10-23T06:40:20.248Z');
INSERT INTO questions (id, test_id, text, type, `order`, created_at, updated_at) VALUES ('cmgyzekm4003yu3l0ki7q1qiw', 'cmgyzeklz0000u3l09cwl94v2', 'Что заставляет вас чувствовать себя любимым?', 'single', 26, '2025-10-23T06:40:20.248Z', '2025-10-23T06:40:20.248Z');
INSERT INTO answer_options (id, question_id, text, value, weights, created_at, updated_at) VALUES ('cmgyzekm4003zu3l07bpb9y36', 'cmgyzekm4003yu3l0ki7q1qiw', 'Когда говорят «я люблю тебя»', 1, '{"L_WORDS":5}', '2025-10-23T06:40:20.248Z', '2025-10-23T06:40:20.248Z');
INSERT INTO answer_options (id, question_id, text, value, weights, created_at, updated_at) VALUES ('cmgyzekm40040u3l0g5vwy8df', 'cmgyzekm4003yu3l0ki7q1qiw', 'Когда уделяют время', 2, '{"L_TIME":5}', '2025-10-23T06:40:20.248Z', '2025-10-23T06:40:20.248Z');
INSERT INTO answer_options (id, question_id, text, value, weights, created_at, updated_at) VALUES ('cmgyzekm40041u3l0dwzyloo9', 'cmgyzekm4003yu3l0ki7q1qiw', 'Когда дарят', 3, '{"L_GIFTS":5}', '2025-10-23T06:40:20.248Z', '2025-10-23T06:40:20.248Z');
INSERT INTO answer_options (id, question_id, text, value, weights, created_at, updated_at) VALUES ('cmgyzekm40042u3l0xv89m4vd', 'cmgyzekm4003yu3l0ki7q1qiw', 'Когда помогают', 4, '{"L_SERVICE":5}', '2025-10-23T06:40:20.248Z', '2025-10-23T06:40:20.248Z');
INSERT INTO answer_options (id, question_id, text, value, weights, created_at, updated_at) VALUES ('cmgyzekm40043u3l0yqyi1bn0', 'cmgyzekm4003yu3l0ki7q1qiw', 'Когда обнимают', 5, '{"L_TOUCH":5}', '2025-10-23T06:40:20.248Z', '2025-10-23T06:40:20.248Z');
INSERT INTO questions (id, test_id, text, type, `order`, created_at, updated_at) VALUES ('cmgyzekm40044u3l0p2t7rgfk', 'cmgyzeklz0000u3l09cwl94v2', 'Как вы утешаете расстроенного партнёра?', 'single', 27, '2025-10-23T06:40:20.248Z', '2025-10-23T06:40:20.248Z');
INSERT INTO answer_options (id, question_id, text, value, weights, created_at, updated_at) VALUES ('cmgyzekm40045u3l0xijay3dw', 'cmgyzekm40044u3l0p2t7rgfk', 'Говорю тёплые слова', 1, '{"L_WORDS":5}', '2025-10-23T06:40:20.248Z', '2025-10-23T06:40:20.248Z');
INSERT INTO answer_options (id, question_id, text, value, weights, created_at, updated_at) VALUES ('cmgyzekm40046u3l07o4v3au6', 'cmgyzekm40044u3l0p2t7rgfk', 'Провожу с ним время', 2, '{"L_TIME":5}', '2025-10-23T06:40:20.248Z', '2025-10-23T06:40:20.248Z');
INSERT INTO answer_options (id, question_id, text, value, weights, created_at, updated_at) VALUES ('cmgyzekm40047u3l016lk4b82', 'cmgyzekm40044u3l0p2t7rgfk', 'Дарю что-то приятное', 3, '{"L_GIFTS":5}', '2025-10-23T06:40:20.248Z', '2025-10-23T06:40:20.248Z');
INSERT INTO answer_options (id, question_id, text, value, weights, created_at, updated_at) VALUES ('cmgyzekm40048u3l0a2otn3rk', 'cmgyzekm40044u3l0p2t7rgfk', 'Помогаю решить проблему', 4, '{"L_SERVICE":5}', '2025-10-23T06:40:20.248Z', '2025-10-23T06:40:20.248Z');
INSERT INTO answer_options (id, question_id, text, value, weights, created_at, updated_at) VALUES ('cmgyzekm40049u3l07u38t7gm', 'cmgyzekm40044u3l0p2t7rgfk', 'Обнимаю', 5, '{"L_TOUCH":5}', '2025-10-23T06:40:20.248Z', '2025-10-23T06:40:20.248Z');
INSERT INTO questions (id, test_id, text, type, `order`, created_at, updated_at) VALUES ('cmgyzekm4004au3l07qcyx7kl', 'cmgyzeklz0000u3l09cwl94v2', 'Что для вас важнее в романтических отношениях?', 'single', 28, '2025-10-23T06:40:20.248Z', '2025-10-23T06:40:20.248Z');
INSERT INTO answer_options (id, question_id, text, value, weights, created_at, updated_at) VALUES ('cmgyzekm4004bu3l0sc66owfv', 'cmgyzekm4004au3l07qcyx7kl', 'Слова любви', 1, '{"L_WORDS":5}', '2025-10-23T06:40:20.248Z', '2025-10-23T06:40:20.248Z');
INSERT INTO answer_options (id, question_id, text, value, weights, created_at, updated_at) VALUES ('cmgyzekm4004cu3l083ysbowt', 'cmgyzekm4004au3l07qcyx7kl', 'Свидания', 2, '{"L_TIME":5}', '2025-10-23T06:40:20.248Z', '2025-10-23T06:40:20.248Z');
INSERT INTO answer_options (id, question_id, text, value, weights, created_at, updated_at) VALUES ('cmgyzekm4004du3l00lop2wbu', 'cmgyzekm4004au3l07qcyx7kl', 'Подарки', 3, '{"L_GIFTS":5}', '2025-10-23T06:40:20.248Z', '2025-10-23T06:40:20.248Z');
INSERT INTO answer_options (id, question_id, text, value, weights, created_at, updated_at) VALUES ('cmgyzekm4004eu3l0s4d4iyka', 'cmgyzekm4004au3l07qcyx7kl', 'Поступки', 4, '{"L_SERVICE":5}', '2025-10-23T06:40:20.248Z', '2025-10-23T06:40:20.248Z');
INSERT INTO answer_options (id, question_id, text, value, weights, created_at, updated_at) VALUES ('cmgyzekm4004fu3l0clk4l0os', 'cmgyzekm4004au3l07qcyx7kl', 'Прикосновения', 5, '{"L_TOUCH":5}', '2025-10-23T06:40:20.248Z', '2025-10-23T06:40:20.248Z');
INSERT INTO questions (id, test_id, text, type, `order`, created_at, updated_at) VALUES ('cmgyzekm4004gu3l0zuikp69v', 'cmgyzeklz0000u3l09cwl94v2', 'Как вы предпочитаете получать извинения?', 'single', 29, '2025-10-23T06:40:20.248Z', '2025-10-23T06:40:20.248Z');
INSERT INTO answer_options (id, question_id, text, value, weights, created_at, updated_at) VALUES ('cmgyzekm4004hu3l02lv544mh', 'cmgyzekm4004gu3l0zuikp69v', 'Искренние слова', 1, '{"L_WORDS":5}', '2025-10-23T06:40:20.248Z', '2025-10-23T06:40:20.248Z');
INSERT INTO answer_options (id, question_id, text, value, weights, created_at, updated_at) VALUES ('cmgyzekm4004iu3l0h3xw8xi7', 'cmgyzekm4004gu3l0zuikp69v', 'Время, посвящённое вам', 2, '{"L_TIME":5}', '2025-10-23T06:40:20.248Z', '2025-10-23T06:40:20.248Z');
INSERT INTO answer_options (id, question_id, text, value, weights, created_at, updated_at) VALUES ('cmgyzekm4004ju3l0pdwve0oy', 'cmgyzekm4004gu3l0zuikp69v', 'Подарок', 3, '{"L_GIFTS":5}', '2025-10-23T06:40:20.248Z', '2025-10-23T06:40:20.248Z');
INSERT INTO answer_options (id, question_id, text, value, weights, created_at, updated_at) VALUES ('cmgyzekm4004ku3l0cnfr1scn', 'cmgyzekm4004gu3l0zuikp69v', 'Исправление поступками', 4, '{"L_SERVICE":5}', '2025-10-23T06:40:20.248Z', '2025-10-23T06:40:20.248Z');
INSERT INTO answer_options (id, question_id, text, value, weights, created_at, updated_at) VALUES ('cmgyzekm4004lu3l0ka2mjw6q', 'cmgyzekm4004gu3l0zuikp69v', 'Нежность', 5, '{"L_TOUCH":5}', '2025-10-23T06:40:20.248Z', '2025-10-23T06:40:20.248Z');
INSERT INTO questions (id, test_id, text, type, `order`, created_at, updated_at) VALUES ('cmgyzekm4004mu3l0mxqbi7uu', 'cmgyzeklz0000u3l09cwl94v2', 'Что больше всего цените в проявлении внимания?', 'single', 30, '2025-10-23T06:40:20.248Z', '2025-10-23T06:40:20.248Z');
INSERT INTO answer_options (id, question_id, text, value, weights, created_at, updated_at) VALUES ('cmgyzekm4004nu3l0esy8p4ei', 'cmgyzekm4004mu3l0mxqbi7uu', 'Комплименты', 1, '{"L_WORDS":5}', '2025-10-23T06:40:20.248Z', '2025-10-23T06:40:20.248Z');
INSERT INTO answer_options (id, question_id, text, value, weights, created_at, updated_at) VALUES ('cmgyzekm4004ou3l0z5tnzzfe', 'cmgyzekm4004mu3l0mxqbi7uu', 'Время без отвлечений', 2, '{"L_TIME":5}', '2025-10-23T06:40:20.248Z', '2025-10-23T06:40:20.248Z');
INSERT INTO answer_options (id, question_id, text, value, weights, created_at, updated_at) VALUES ('cmgyzekm4004pu3l0icozqesb', 'cmgyzekm4004mu3l0mxqbi7uu', 'Подарки с душой', 3, '{"L_GIFTS":5}', '2025-10-23T06:40:20.248Z', '2025-10-23T06:40:20.248Z');
INSERT INTO answer_options (id, question_id, text, value, weights, created_at, updated_at) VALUES ('cmgyzekm4004qu3l03r9zhto0', 'cmgyzekm4004mu3l0mxqbi7uu', 'Помощь в делах', 4, '{"L_SERVICE":5}', '2025-10-23T06:40:20.248Z', '2025-10-23T06:40:20.248Z');
INSERT INTO answer_options (id, question_id, text, value, weights, created_at, updated_at) VALUES ('cmgyzekm4004ru3l0buuvnbop', 'cmgyzekm4004mu3l0mxqbi7uu', 'Прикосновения', 5, '{"L_TOUCH":5}', '2025-10-23T06:40:20.248Z', '2025-10-23T06:40:20.248Z');
INSERT INTO questions (id, test_id, text, type, `order`, created_at, updated_at) VALUES ('cmgyzekm4004su3l0o94qtpz6', 'cmgyzeklz0000u3l09cwl94v2', 'После ссоры мне нужно обсудить всё прямо сейчас.', 'scale', 31, '2025-10-23T06:40:20.248Z', '2025-10-23T06:40:20.248Z');
INSERT INTO answer_options (id, question_id, text, value, weights, created_at, updated_at) VALUES ('cmgyzekm4004tu3l0m3lafdqy', 'cmgyzekm4004su3l0o94qtpz6', 'Совсем не про меня', 1, '{"C_COLLAB":1}', '2025-10-23T06:40:20.248Z', '2025-10-23T06:40:20.248Z');
INSERT INTO answer_options (id, question_id, text, value, weights, created_at, updated_at) VALUES ('cmgyzekm4004uu3l0fhmme0wt', 'cmgyzekm4004su3l0o94qtpz6', 'Скорее нет', 2, '{"C_COLLAB":2}', '2025-10-23T06:40:20.248Z', '2025-10-23T06:40:20.248Z');
INSERT INTO answer_options (id, question_id, text, value, weights, created_at, updated_at) VALUES ('cmgyzekm4004vu3l08isib0pv', 'cmgyzekm4004su3l0o94qtpz6', 'Иногда', 3, '{"C_COLLAB":3}', '2025-10-23T06:40:20.248Z', '2025-10-23T06:40:20.248Z');
INSERT INTO answer_options (id, question_id, text, value, weights, created_at, updated_at) VALUES ('cmgyzekm4004wu3l0457va5td', 'cmgyzekm4004su3l0o94qtpz6', 'Скорее да', 4, '{"C_COLLAB":4}', '2025-10-23T06:40:20.248Z', '2025-10-23T06:40:20.248Z');
INSERT INTO answer_options (id, question_id, text, value, weights, created_at, updated_at) VALUES ('cmgyzekm4004xu3l0b0qilio9', 'cmgyzekm4004su3l0o94qtpz6', 'Точно про меня', 5, '{"C_COLLAB":5}', '2025-10-23T06:40:20.248Z', '2025-10-23T06:40:20.248Z');
INSERT INTO questions (id, test_id, text, type, `order`, created_at, updated_at) VALUES ('cmgyzekm5004yu3l0t8zcg93h', 'cmgyzeklz0000u3l09cwl94v2', 'Я предпочитаю паузу, прежде чем говорить о проблеме.', 'scale', 32, '2025-10-23T06:40:20.248Z', '2025-10-23T06:40:20.248Z');
INSERT INTO answer_options (id, question_id, text, value, weights, created_at, updated_at) VALUES ('cmgyzekm5004zu3l0ut1ew4xd', 'cmgyzekm5004yu3l0t8zcg93h', 'Совсем не про меня', 1, '{"C_AVOID":1}', '2025-10-23T06:40:20.248Z', '2025-10-23T06:40:20.248Z');
INSERT INTO answer_options (id, question_id, text, value, weights, created_at, updated_at) VALUES ('cmgyzekm50050u3l0sqa7ngzk', 'cmgyzekm5004yu3l0t8zcg93h', 'Скорее нет', 2, '{"C_AVOID":2}', '2025-10-23T06:40:20.248Z', '2025-10-23T06:40:20.248Z');
INSERT INTO answer_options (id, question_id, text, value, weights, created_at, updated_at) VALUES ('cmgyzekm50051u3l0emiy8cg4', 'cmgyzekm5004yu3l0t8zcg93h', 'Иногда', 3, '{"C_AVOID":3}', '2025-10-23T06:40:20.248Z', '2025-10-23T06:40:20.248Z');
INSERT INTO answer_options (id, question_id, text, value, weights, created_at, updated_at) VALUES ('cmgyzekm50052u3l0mdux2w2z', 'cmgyzekm5004yu3l0t8zcg93h', 'Скорее да', 4, '{"C_AVOID":4}', '2025-10-23T06:40:20.248Z', '2025-10-23T06:40:20.248Z');
INSERT INTO answer_options (id, question_id, text, value, weights, created_at, updated_at) VALUES ('cmgyzekm50053u3l09e6u6j7d', 'cmgyzekm5004yu3l0t8zcg93h', 'Точно про меня', 5, '{"C_AVOID":5}', '2025-10-23T06:40:20.248Z', '2025-10-23T06:40:20.248Z');
INSERT INTO questions (id, test_id, text, type, `order`, created_at, updated_at) VALUES ('cmgyzekm50054u3l0935bhq8w', 'cmgyzeklz0000u3l09cwl94v2', 'В конфликте я ищу компромиссное решение.', 'scale', 33, '2025-10-23T06:40:20.248Z', '2025-10-23T06:40:20.248Z');
INSERT INTO answer_options (id, question_id, text, value, weights, created_at, updated_at) VALUES ('cmgyzekm50055u3l0naj4v3ys', 'cmgyzekm50054u3l0935bhq8w', 'Совсем не про меня', 1, '{"C_COMPROM":1}', '2025-10-23T06:40:20.248Z', '2025-10-23T06:40:20.248Z');
INSERT INTO answer_options (id, question_id, text, value, weights, created_at, updated_at) VALUES ('cmgyzekm50056u3l0qce3xgde', 'cmgyzekm50054u3l0935bhq8w', 'Скорее нет', 2, '{"C_COMPROM":2}', '2025-10-23T06:40:20.248Z', '2025-10-23T06:40:20.248Z');
INSERT INTO answer_options (id, question_id, text, value, weights, created_at, updated_at) VALUES ('cmgyzekm50057u3l02qzki3jr', 'cmgyzekm50054u3l0935bhq8w', 'Иногда', 3, '{"C_COMPROM":3}', '2025-10-23T06:40:20.248Z', '2025-10-23T06:40:20.248Z');
INSERT INTO answer_options (id, question_id, text, value, weights, created_at, updated_at) VALUES ('cmgyzekm50058u3l0kh9jfd8b', 'cmgyzekm50054u3l0935bhq8w', 'Скорее да', 4, '{"C_COMPROM":4}', '2025-10-23T06:40:20.248Z', '2025-10-23T06:40:20.248Z');
INSERT INTO answer_options (id, question_id, text, value, weights, created_at, updated_at) VALUES ('cmgyzekm50059u3l0kai83uzv', 'cmgyzekm50054u3l0935bhq8w', 'Точно про меня', 5, '{"C_COMPROM":5}', '2025-10-23T06:40:20.248Z', '2025-10-23T06:40:20.248Z');
INSERT INTO questions (id, test_id, text, type, `order`, created_at, updated_at) VALUES ('cmgyzekm5005au3l0g50i8qyl', 'cmgyzeklz0000u3l09cwl94v2', 'Я готов уступить, чтобы сохранить мир.', 'scale', 34, '2025-10-23T06:40:20.248Z', '2025-10-23T06:40:20.248Z');
INSERT INTO answer_options (id, question_id, text, value, weights, created_at, updated_at) VALUES ('cmgyzekm5005bu3l0lsvucpa9', 'cmgyzekm5005au3l0g50i8qyl', 'Совсем не про меня', 1, '{"C_ACCOM":1}', '2025-10-23T06:40:20.248Z', '2025-10-23T06:40:20.248Z');
INSERT INTO answer_options (id, question_id, text, value, weights, created_at, updated_at) VALUES ('cmgyzekm5005cu3l002yofynq', 'cmgyzekm5005au3l0g50i8qyl', 'Скорее нет', 2, '{"C_ACCOM":2}', '2025-10-23T06:40:20.248Z', '2025-10-23T06:40:20.248Z');
INSERT INTO answer_options (id, question_id, text, value, weights, created_at, updated_at) VALUES ('cmgyzekm5005du3l0ag5paoci', 'cmgyzekm5005au3l0g50i8qyl', 'Иногда', 3, '{"C_ACCOM":3}', '2025-10-23T06:40:20.248Z', '2025-10-23T06:40:20.248Z');
INSERT INTO answer_options (id, question_id, text, value, weights, created_at, updated_at) VALUES ('cmgyzekm5005eu3l0nd10ufks', 'cmgyzekm5005au3l0g50i8qyl', 'Скорее да', 4, '{"C_ACCOM":4}', '2025-10-23T06:40:20.248Z', '2025-10-23T06:40:20.248Z');
INSERT INTO answer_options (id, question_id, text, value, weights, created_at, updated_at) VALUES ('cmgyzekm5005fu3l07577ep8n', 'cmgyzekm5005au3l0g50i8qyl', 'Точно про меня', 5, '{"C_ACCOM":5}', '2025-10-23T06:40:20.248Z', '2025-10-23T06:40:20.248Z');
INSERT INTO questions (id, test_id, text, type, `order`, created_at, updated_at) VALUES ('cmgyzekm5005gu3l0ykks8ymi', 'cmgyzeklz0000u3l09cwl94v2', 'В споре я настаиваю на своей точке зрения.', 'scale', 35, '2025-10-23T06:40:20.248Z', '2025-10-23T06:40:20.248Z');
INSERT INTO answer_options (id, question_id, text, value, weights, created_at, updated_at) VALUES ('cmgyzekm5005hu3l0q6jf6lwl', 'cmgyzekm5005gu3l0ykks8ymi', 'Совсем не про меня', 1, '{"C_COMPETE":1}', '2025-10-23T06:40:20.248Z', '2025-10-23T06:40:20.248Z');
INSERT INTO answer_options (id, question_id, text, value, weights, created_at, updated_at) VALUES ('cmgyzekm5005iu3l0cy4cb630', 'cmgyzekm5005gu3l0ykks8ymi', 'Скорее нет', 2, '{"C_COMPETE":2}', '2025-10-23T06:40:20.248Z', '2025-10-23T06:40:20.248Z');
INSERT INTO answer_options (id, question_id, text, value, weights, created_at, updated_at) VALUES ('cmgyzekm5005ju3l0dktlao2l', 'cmgyzekm5005gu3l0ykks8ymi', 'Иногда', 3, '{"C_COMPETE":3}', '2025-10-23T06:40:20.248Z', '2025-10-23T06:40:20.248Z');
INSERT INTO answer_options (id, question_id, text, value, weights, created_at, updated_at) VALUES ('cmgyzekm5005ku3l0qdvmq2kt', 'cmgyzekm5005gu3l0ykks8ymi', 'Скорее да', 4, '{"C_COMPETE":4}', '2025-10-23T06:40:20.248Z', '2025-10-23T06:40:20.248Z');
INSERT INTO answer_options (id, question_id, text, value, weights, created_at, updated_at) VALUES ('cmgyzekm5005lu3l0i6s9h4zf', 'cmgyzekm5005gu3l0ykks8ymi', 'Точно про меня', 5, '{"C_COMPETE":5}', '2025-10-23T06:40:20.248Z', '2025-10-23T06:40:20.248Z');
INSERT INTO questions (id, test_id, text, type, `order`, created_at, updated_at) VALUES ('cmgyzekm5005mu3l0fjrcwcz3', 'cmgyzeklz0000u3l09cwl94v2', 'Я избегаю конфликтных ситуаций.', 'scale', 36, '2025-10-23T06:40:20.248Z', '2025-10-23T06:40:20.248Z');
INSERT INTO answer_options (id, question_id, text, value, weights, created_at, updated_at) VALUES ('cmgyzekm5005nu3l0jjonc1q7', 'cmgyzekm5005mu3l0fjrcwcz3', 'Совсем не про меня', 1, '{"C_AVOID":1}', '2025-10-23T06:40:20.248Z', '2025-10-23T06:40:20.248Z');
INSERT INTO answer_options (id, question_id, text, value, weights, created_at, updated_at) VALUES ('cmgyzekm5005ou3l03naec40w', 'cmgyzekm5005mu3l0fjrcwcz3', 'Скорее нет', 2, '{"C_AVOID":2}', '2025-10-23T06:40:20.248Z', '2025-10-23T06:40:20.248Z');
INSERT INTO answer_options (id, question_id, text, value, weights, created_at, updated_at) VALUES ('cmgyzekm5005pu3l0t4f53gc8', 'cmgyzekm5005mu3l0fjrcwcz3', 'Иногда', 3, '{"C_AVOID":3}', '2025-10-23T06:40:20.248Z', '2025-10-23T06:40:20.248Z');
INSERT INTO answer_options (id, question_id, text, value, weights, created_at, updated_at) VALUES ('cmgyzekm5005qu3l0p82uccno', 'cmgyzekm5005mu3l0fjrcwcz3', 'Скорее да', 4, '{"C_AVOID":4}', '2025-10-23T06:40:20.248Z', '2025-10-23T06:40:20.248Z');
INSERT INTO answer_options (id, question_id, text, value, weights, created_at, updated_at) VALUES ('cmgyzekm5005ru3l0gof9npd9', 'cmgyzekm5005mu3l0fjrcwcz3', 'Точно про меня', 5, '{"C_AVOID":5}', '2025-10-23T06:40:20.248Z', '2025-10-23T06:40:20.248Z');
INSERT INTO questions (id, test_id, text, type, `order`, created_at, updated_at) VALUES ('cmgyzekm5005su3l0pdl87u6e', 'cmgyzeklz0000u3l09cwl94v2', 'Я стремлюсь найти решение, которое устроит всех.', 'scale', 37, '2025-10-23T06:40:20.248Z', '2025-10-23T06:40:20.248Z');
INSERT INTO answer_options (id, question_id, text, value, weights, created_at, updated_at) VALUES ('cmgyzekm5005tu3l0lggv1x6o', 'cmgyzekm5005su3l0pdl87u6e', 'Совсем не про меня', 1, '{"C_COLLAB":1}', '2025-10-23T06:40:20.248Z', '2025-10-23T06:40:20.248Z');
INSERT INTO answer_options (id, question_id, text, value, weights, created_at, updated_at) VALUES ('cmgyzekm5005uu3l0y1s36ks3', 'cmgyzekm5005su3l0pdl87u6e', 'Скорее нет', 2, '{"C_COLLAB":2}', '2025-10-23T06:40:20.248Z', '2025-10-23T06:40:20.248Z');
INSERT INTO answer_options (id, question_id, text, value, weights, created_at, updated_at) VALUES ('cmgyzekm5005vu3l0dcfkw334', 'cmgyzekm5005su3l0pdl87u6e', 'Иногда', 3, '{"C_COLLAB":3}', '2025-10-23T06:40:20.248Z', '2025-10-23T06:40:20.248Z');
INSERT INTO answer_options (id, question_id, text, value, weights, created_at, updated_at) VALUES ('cmgyzekm5005wu3l0w64tgo4g', 'cmgyzekm5005su3l0pdl87u6e', 'Скорее да', 4, '{"C_COLLAB":4}', '2025-10-23T06:40:20.248Z', '2025-10-23T06:40:20.248Z');
INSERT INTO answer_options (id, question_id, text, value, weights, created_at, updated_at) VALUES ('cmgyzekm5005xu3l0780vd2tf', 'cmgyzekm5005su3l0pdl87u6e', 'Точно про меня', 5, '{"C_COLLAB":5}', '2025-10-23T06:40:20.248Z', '2025-10-23T06:40:20.248Z');
INSERT INTO questions (id, test_id, text, type, `order`, created_at, updated_at) VALUES ('cmgyzekm5005yu3l0943fgalv', 'cmgyzeklz0000u3l09cwl94v2', 'В конфликте я готов идти на уступки.', 'scale', 38, '2025-10-23T06:40:20.248Z', '2025-10-23T06:40:20.248Z');
INSERT INTO answer_options (id, question_id, text, value, weights, created_at, updated_at) VALUES ('cmgyzekm5005zu3l0bl2zz22b', 'cmgyzekm5005yu3l0943fgalv', 'Совсем не про меня', 1, '{"C_ACCOM":1}', '2025-10-23T06:40:20.248Z', '2025-10-23T06:40:20.248Z');
INSERT INTO answer_options (id, question_id, text, value, weights, created_at, updated_at) VALUES ('cmgyzekm50060u3l0uw9f4eq5', 'cmgyzekm5005yu3l0943fgalv', 'Скорее нет', 2, '{"C_ACCOM":2}', '2025-10-23T06:40:20.248Z', '2025-10-23T06:40:20.248Z');
INSERT INTO answer_options (id, question_id, text, value, weights, created_at, updated_at) VALUES ('cmgyzekm50061u3l0jt1srwm2', 'cmgyzekm5005yu3l0943fgalv', 'Иногда', 3, '{"C_ACCOM":3}', '2025-10-23T06:40:20.248Z', '2025-10-23T06:40:20.248Z');
INSERT INTO answer_options (id, question_id, text, value, weights, created_at, updated_at) VALUES ('cmgyzekm50062u3l0o303g1b2', 'cmgyzekm5005yu3l0943fgalv', 'Скорее да', 4, '{"C_ACCOM":4}', '2025-10-23T06:40:20.248Z', '2025-10-23T06:40:20.248Z');
INSERT INTO answer_options (id, question_id, text, value, weights, created_at, updated_at) VALUES ('cmgyzekm50063u3l0egyloh2e', 'cmgyzekm5005yu3l0943fgalv', 'Точно про меня', 5, '{"C_ACCOM":5}', '2025-10-23T06:40:20.248Z', '2025-10-23T06:40:20.248Z');
INSERT INTO questions (id, test_id, text, type, `order`, created_at, updated_at) VALUES ('cmgyzekm60064u3l0azu57ggo', 'cmgyzeklz0000u3l09cwl94v2', 'В конфликте я ищу золотую середину.', 'scale', 39, '2025-10-23T06:40:20.248Z', '2025-10-23T06:40:20.248Z');
INSERT INTO answer_options (id, question_id, text, value, weights, created_at, updated_at) VALUES ('cmgyzekm60065u3l0yqgefky5', 'cmgyzekm60064u3l0azu57ggo', 'Совсем не про меня', 1, '{"C_COMPROM":1}', '2025-10-23T06:40:20.248Z', '2025-10-23T06:40:20.248Z');
INSERT INTO answer_options (id, question_id, text, value, weights, created_at, updated_at) VALUES ('cmgyzekm60066u3l0543e7vbx', 'cmgyzekm60064u3l0azu57ggo', 'Скорее нет', 2, '{"C_COMPROM":2}', '2025-10-23T06:40:20.248Z', '2025-10-23T06:40:20.248Z');
INSERT INTO answer_options (id, question_id, text, value, weights, created_at, updated_at) VALUES ('cmgyzekm60067u3l0tst5fv1q', 'cmgyzekm60064u3l0azu57ggo', 'Иногда', 3, '{"C_COMPROM":3}', '2025-10-23T06:40:20.248Z', '2025-10-23T06:40:20.248Z');
INSERT INTO answer_options (id, question_id, text, value, weights, created_at, updated_at) VALUES ('cmgyzekm60068u3l0xou5njl8', 'cmgyzekm60064u3l0azu57ggo', 'Скорее да', 4, '{"C_COMPROM":4}', '2025-10-23T06:40:20.248Z', '2025-10-23T06:40:20.248Z');
INSERT INTO answer_options (id, question_id, text, value, weights, created_at, updated_at) VALUES ('cmgyzekm60069u3l0o56ur3tm', 'cmgyzekm60064u3l0azu57ggo', 'Точно про меня', 5, '{"C_COMPROM":5}', '2025-10-23T06:40:20.248Z', '2025-10-23T06:40:20.248Z');
INSERT INTO questions (id, test_id, text, type, `order`, created_at, updated_at) VALUES ('cmgyzekm6006au3l02c7uspn0', 'cmgyzeklz0000u3l09cwl94v2', 'Я предпочитаю отложить сложный разговор на потом.', 'scale', 40, '2025-10-23T06:40:20.248Z', '2025-10-23T06:40:20.248Z');
INSERT INTO answer_options (id, question_id, text, value, weights, created_at, updated_at) VALUES ('cmgyzekm6006bu3l03q8dgryq', 'cmgyzekm6006au3l02c7uspn0', 'Совсем не про меня', 1, '{"C_AVOID":1}', '2025-10-23T06:40:20.248Z', '2025-10-23T06:40:20.248Z');
INSERT INTO answer_options (id, question_id, text, value, weights, created_at, updated_at) VALUES ('cmgyzekm6006cu3l0rhm236jw', 'cmgyzekm6006au3l02c7uspn0', 'Скорее нет', 2, '{"C_AVOID":2}', '2025-10-23T06:40:20.248Z', '2025-10-23T06:40:20.248Z');
INSERT INTO answer_options (id, question_id, text, value, weights, created_at, updated_at) VALUES ('cmgyzekm6006du3l0nmwlqei5', 'cmgyzekm6006au3l02c7uspn0', 'Иногда', 3, '{"C_AVOID":3}', '2025-10-23T06:40:20.248Z', '2025-10-23T06:40:20.248Z');
INSERT INTO answer_options (id, question_id, text, value, weights, created_at, updated_at) VALUES ('cmgyzekm6006eu3l0qw4yveoz', 'cmgyzekm6006au3l02c7uspn0', 'Скорее да', 4, '{"C_AVOID":4}', '2025-10-23T06:40:20.248Z', '2025-10-23T06:40:20.248Z');
INSERT INTO answer_options (id, question_id, text, value, weights, created_at, updated_at) VALUES ('cmgyzekm6006fu3l0nwyb1l8s', 'cmgyzekm6006au3l02c7uspn0', 'Точно про меня', 5, '{"C_AVOID":5}', '2025-10-23T06:40:20.248Z', '2025-10-23T06:40:20.248Z');
INSERT INTO questions (id, test_id, text, type, `order`, created_at, updated_at) VALUES ('cmgyzekm6006gu3l0a4ntslff', 'cmgyzeklz0000u3l09cwl94v2', 'Что делает тебя по-настоящему желанной/ым в отношениях?', 'single', 41, '2025-10-23T06:40:20.248Z', '2025-10-23T06:40:20.248Z');
INSERT INTO answer_options (id, question_id, text, value, weights, created_at, updated_at) VALUES ('cmgyzekm6006hu3l0luvqh3at', 'cmgyzekm6006gu3l0a4ntslff', 'Глубокие разговоры', 1, '{"V_SUPPORT":5}', '2025-10-23T06:40:20.248Z', '2025-10-23T06:40:20.248Z');
INSERT INTO answer_options (id, question_id, text, value, weights, created_at, updated_at) VALUES ('cmgyzekm6006iu3l0vw50fj6i', 'cmgyzekm6006gu3l0a4ntslff', 'Флирт и игра', 2, '{"V_PASSION":5}', '2025-10-23T06:40:20.248Z', '2025-10-23T06:40:20.248Z');
INSERT INTO answer_options (id, question_id, text, value, weights, created_at, updated_at) VALUES ('cmgyzekm6006ju3l01i56sy7x', 'cmgyzekm6006gu3l0a4ntslff', 'Инициатива и смелость', 3, '{"V_GROWTH":5}', '2025-10-23T06:40:20.248Z', '2025-10-23T06:40:20.248Z');
INSERT INTO answer_options (id, question_id, text, value, weights, created_at, updated_at) VALUES ('cmgyzekm6006ku3l0mpoyp5os', 'cmgyzekm6006gu3l0a4ntslff', 'Надёжность и уверенность', 4, '{"V_SECURITY":5}', '2025-10-23T06:40:20.248Z', '2025-10-23T06:40:20.248Z');
INSERT INTO questions (id, test_id, text, type, `order`, created_at, updated_at) VALUES ('cmgyzekm6006lu3l0nxmhbckz', 'cmgyzeklz0000u3l09cwl94v2', 'Какой темп сближения тебе комфортен?', 'single', 42, '2025-10-23T06:40:20.248Z', '2025-10-23T06:40:20.248Z');
INSERT INTO answer_options (id, question_id, text, value, weights, created_at, updated_at) VALUES ('cmgyzekm6006mu3l0ceztfx7v', 'cmgyzekm6006lu3l0nxmhbckz', 'Медленно и осознанно', 1, '{"A_SECURE":5}', '2025-10-23T06:40:20.248Z', '2025-10-23T06:40:20.248Z');
INSERT INTO answer_options (id, question_id, text, value, weights, created_at, updated_at) VALUES ('cmgyzekm6006nu3l01yz1ixue', 'cmgyzekm6006lu3l0nxmhbckz', 'Как пойдёт', 2, '{"A_ANXIOUS":5}', '2025-10-23T06:40:20.248Z', '2025-10-23T06:40:20.248Z');
INSERT INTO answer_options (id, question_id, text, value, weights, created_at, updated_at) VALUES ('cmgyzekm6006ou3l0gm0ol0s0', 'cmgyzekm6006lu3l0nxmhbckz', 'Быстро, если есть химия', 3, '{"V_PASSION":5}', '2025-10-23T06:40:20.248Z', '2025-10-23T06:40:20.248Z');
INSERT INTO answer_options (id, question_id, text, value, weights, created_at, updated_at) VALUES ('cmgyzekm6006pu3l0uvtgcmha', 'cmgyzekm6006lu3l0nxmhbckz', 'С паузами: близость ↔ пространство', 4, '{"A_AVOIDANT":5}', '2025-10-23T06:40:20.248Z', '2025-10-23T06:40:20.248Z');
INSERT INTO questions (id, test_id, text, type, `order`, created_at, updated_at) VALUES ('cmgyzekm6006qu3l07dkoq4zb', 'cmgyzeklz0000u3l09cwl94v2', 'Как ты любишь, чтобы проявляли желание к тебе?', 'single', 43, '2025-10-23T06:40:20.248Z', '2025-10-23T06:40:20.248Z');
INSERT INTO answer_options (id, question_id, text, value, weights, created_at, updated_at) VALUES ('cmgyzekm6006ru3l0qwu87ya7', 'cmgyzekm6006qu3l07dkoq4zb', 'Через слова', 1, '{"L_WORDS":5}', '2025-10-23T06:40:20.248Z', '2025-10-23T06:40:20.248Z');
INSERT INTO answer_options (id, question_id, text, value, weights, created_at, updated_at) VALUES ('cmgyzekm6006su3l028qc5hg8', 'cmgyzekm6006qu3l07dkoq4zb', 'Через действия', 2, '{"L_SERVICE":5}', '2025-10-23T06:40:20.248Z', '2025-10-23T06:40:20.248Z');
INSERT INTO answer_options (id, question_id, text, value, weights, created_at, updated_at) VALUES ('cmgyzekm6006tu3l01h6t5kwb', 'cmgyzekm6006qu3l07dkoq4zb', 'Через время вместе', 3, '{"L_TIME":5}', '2025-10-23T06:40:20.248Z', '2025-10-23T06:40:20.248Z');
INSERT INTO answer_options (id, question_id, text, value, weights, created_at, updated_at) VALUES ('cmgyzekm6006uu3l0efc0el2g', 'cmgyzekm6006qu3l07dkoq4zb', 'Через прикосновения', 4, '{"L_TOUCH":5}', '2025-10-23T06:40:20.248Z', '2025-10-23T06:40:20.248Z');
INSERT INTO questions (id, test_id, text, type, `order`, created_at, updated_at) VALUES ('cmgyzekm6006vu3l0ncbb7tqq', 'cmgyzeklz0000u3l09cwl94v2', 'Что сильнее всего разжигает твоё влечение?', 'single', 44, '2025-10-23T06:40:20.248Z', '2025-10-23T06:40:20.248Z');
INSERT INTO answer_options (id, question_id, text, value, weights, created_at, updated_at) VALUES ('cmgyzekm6006wu3l0atc8ti1g', 'cmgyzekm6006vu3l0ncbb7tqq', 'Ум и юмор', 1, '{"V_GROWTH":5}', '2025-10-23T06:40:20.248Z', '2025-10-23T06:40:20.248Z');
INSERT INTO answer_options (id, question_id, text, value, weights, created_at, updated_at) VALUES ('cmgyzekm6006xu3l07nssm3b9', 'cmgyzekm6006vu3l0ncbb7tqq', 'Уверенность', 2, '{"A_SECURE":5}', '2025-10-23T06:40:20.248Z', '2025-10-23T06:40:20.248Z');
INSERT INTO answer_options (id, question_id, text, value, weights, created_at, updated_at) VALUES ('cmgyzekm6006yu3l0qf7b81g7', 'cmgyzekm6006vu3l0ncbb7tqq', 'Забота', 3, '{"V_SUPPORT":5}', '2025-10-23T06:40:20.248Z', '2025-10-23T06:40:20.248Z');
INSERT INTO answer_options (id, question_id, text, value, weights, created_at, updated_at) VALUES ('cmgyzekm6006zu3l0dd9dkadu', 'cmgyzekm6006vu3l0ncbb7tqq', 'Химия и спонтанность', 4, '{"V_PASSION":5}', '2025-10-23T06:40:20.248Z', '2025-10-23T06:40:20.248Z');
INSERT INTO questions (id, test_id, text, type, `order`, created_at, updated_at) VALUES ('cmgyzekm60070u3l087535rf2', 'cmgyzeklz0000u3l09cwl94v2', 'Что из этого — твоя «зелёная кнопка» внимания?', 'single', 45, '2025-10-23T06:40:20.248Z', '2025-10-23T06:40:20.248Z');
INSERT INTO answer_options (id, question_id, text, value, weights, created_at, updated_at) VALUES ('cmgyzekm60071u3l0ni6cegiv', 'cmgyzekm60070u3l087535rf2', 'Инициатива', 1, '{"V_GROWTH":5}', '2025-10-23T06:40:20.248Z', '2025-10-23T06:40:20.248Z');
INSERT INTO answer_options (id, question_id, text, value, weights, created_at, updated_at) VALUES ('cmgyzekm60072u3l0harxjjqr', 'cmgyzekm60070u3l087535rf2', 'Глубокие вопросы', 2, '{"V_SUPPORT":5}', '2025-10-23T06:40:20.248Z', '2025-10-23T06:40:20.248Z');
INSERT INTO answer_options (id, question_id, text, value, weights, created_at, updated_at) VALUES ('cmgyzekm60073u3l0hlqjjwvd', 'cmgyzekm60070u3l087535rf2', 'Маленькие, но точные жесты', 3, '{"L_GIFTS":5}', '2025-10-23T06:40:20.248Z', '2025-10-23T06:40:20.248Z');
INSERT INTO answer_options (id, question_id, text, value, weights, created_at, updated_at) VALUES ('cmgyzekm60074u3l0ud4pwn27', 'cmgyzekm60070u3l087535rf2', 'Помощь', 4, '{"L_SERVICE":5}', '2025-10-23T06:40:20.248Z', '2025-10-23T06:40:20.248Z');
INSERT INTO questions (id, test_id, text, type, `order`, created_at, updated_at) VALUES ('cmgyzekm60075u3l0alxtksed', 'cmgyzeklz0000u3l09cwl94v2', 'Какие границы для тебя важны на старте близости?', 'single', 46, '2025-10-23T06:40:20.248Z', '2025-10-23T06:40:20.248Z');
INSERT INTO answer_options (id, question_id, text, value, weights, created_at, updated_at) VALUES ('cmgyzekm60076u3l01af4r8gv', 'cmgyzekm60075u3l0alxtksed', 'Темп — по моему комфорту', 1, '{"A_SECURE":5}', '2025-10-23T06:40:20.248Z', '2025-10-23T06:40:20.248Z');
INSERT INTO answer_options (id, question_id, text, value, weights, created_at, updated_at) VALUES ('cmgyzekm60077u3l03gv4u73x', 'cmgyzekm60075u3l0alxtksed', 'Прозрачность намерений', 2, '{"V_SECURITY":5}', '2025-10-23T06:40:20.248Z', '2025-10-23T06:40:20.248Z');
INSERT INTO answer_options (id, question_id, text, value, weights, created_at, updated_at) VALUES ('cmgyzekm60078u3l02p7xo289', 'cmgyzekm60075u3l0alxtksed', 'Личное пространство', 3, '{"A_AVOIDANT":5}', '2025-10-23T06:40:20.248Z', '2025-10-23T06:40:20.248Z');
INSERT INTO answer_options (id, question_id, text, value, weights, created_at, updated_at) VALUES ('cmgyzekm60079u3l0uxeq7egi', 'cmgyzekm60075u3l0alxtksed', 'Обсуждение ожиданий', 4, '{"V_GROWTH":5}', '2025-10-23T06:40:20.248Z', '2025-10-23T06:40:20.248Z');
INSERT INTO questions (id, test_id, text, type, `order`, created_at, updated_at) VALUES ('cmgyzekm7007au3l0kx22o53n', 'cmgyzeklz0000u3l09cwl94v2', 'Что тебя быстрее всего «выключает» в симпатии?', 'single', 47, '2025-10-23T06:40:20.248Z', '2025-10-23T06:40:20.248Z');
INSERT INTO answer_options (id, question_id, text, value, weights, created_at, updated_at) VALUES ('cmgyzekm7007bu3l0mq00ongs', 'cmgyzekm7007au3l0kx22o53n', 'Давление и неуважение', 1, '{"C_COMPETE":5}', '2025-10-23T06:40:20.248Z', '2025-10-23T06:40:20.248Z');
INSERT INTO answer_options (id, question_id, text, value, weights, created_at, updated_at) VALUES ('cmgyzekm7007cu3l04m8xw0sb', 'cmgyzekm7007au3l0kx22o53n', 'Холодность', 2, '{"A_AVOIDANT":5}', '2025-10-23T06:40:20.248Z', '2025-10-23T06:40:20.248Z');
INSERT INTO answer_options (id, question_id, text, value, weights, created_at, updated_at) VALUES ('cmgyzekm7007du3l0cbrpnqcc', 'cmgyzekm7007au3l0kx22o53n', 'Ревность', 3, '{"A_ANXIOUS":5}', '2025-10-23T06:40:20.248Z', '2025-10-23T06:40:20.248Z');
INSERT INTO answer_options (id, question_id, text, value, weights, created_at, updated_at) VALUES ('cmgyzekm7007eu3l05p5zlclb', 'cmgyzekm7007au3l0kx22o53n', 'Непоследовательность', 4, '{"V_SECURITY":5}', '2025-10-23T06:40:20.248Z', '2025-10-23T06:40:20.248Z');
INSERT INTO questions (id, test_id, text, type, `order`, created_at, updated_at) VALUES ('cmgyzekm7007fu3l0qukpejkv', 'cmgyzeklz0000u3l09cwl94v2', 'Готов/а ли ты открыто говорить о своих желаниях и фантазиях?', 'scale', 48, '2025-10-23T06:40:20.248Z', '2025-10-23T06:40:20.248Z');
INSERT INTO answer_options (id, question_id, text, value, weights, created_at, updated_at) VALUES ('cmgyzekm7007gu3l09agusxs3', 'cmgyzekm7007fu3l0qukpejkv', 'Нет', 1, '{"A_AVOIDANT":1}', '2025-10-23T06:40:20.248Z', '2025-10-23T06:40:20.248Z');
INSERT INTO answer_options (id, question_id, text, value, weights, created_at, updated_at) VALUES ('cmgyzekm7007hu3l0fqtokmoj', 'cmgyzekm7007fu3l0qukpejkv', 'Скорее нет', 2, '{"A_AVOIDANT":2}', '2025-10-23T06:40:20.248Z', '2025-10-23T06:40:20.248Z');
INSERT INTO answer_options (id, question_id, text, value, weights, created_at, updated_at) VALUES ('cmgyzekm7007iu3l0kwexgcqv', 'cmgyzekm7007fu3l0qukpejkv', 'Иногда', 3, '{"A_SECURE":3}', '2025-10-23T06:40:20.248Z', '2025-10-23T06:40:20.248Z');
INSERT INTO answer_options (id, question_id, text, value, weights, created_at, updated_at) VALUES ('cmgyzekm7007ju3l0cqqxt6ob', 'cmgyzekm7007fu3l0qukpejkv', 'Скорее да', 4, '{"A_SECURE":4}', '2025-10-23T06:40:20.248Z', '2025-10-23T06:40:20.248Z');
INSERT INTO answer_options (id, question_id, text, value, weights, created_at, updated_at) VALUES ('cmgyzekm7007ku3l0c59h032z', 'cmgyzekm7007fu3l0qukpejkv', 'Да, люблю откровенность', 5, '{"A_SECURE":5}', '2025-10-23T06:40:20.248Z', '2025-10-23T06:40:20.248Z');
INSERT INTO questions (id, test_id, text, type, `order`, created_at, updated_at) VALUES ('cmgyzekm7007lu3l0fzsc9qrl', 'cmgyzeklz0000u3l09cwl94v2', 'Какой формат свиданий тебя сильнее всего сближает?', 'single', 49, '2025-10-23T06:40:20.248Z', '2025-10-23T06:40:20.248Z');
INSERT INTO answer_options (id, question_id, text, value, weights, created_at, updated_at) VALUES ('cmgyzekm7007mu3l0wr6tnyp5', 'cmgyzekm7007lu3l0fzsc9qrl', 'Тихий вечер тет-а-тет', 1, '{"L_TIME":5}', '2025-10-23T06:40:20.248Z', '2025-10-23T06:40:20.248Z');
INSERT INTO answer_options (id, question_id, text, value, weights, created_at, updated_at) VALUES ('cmgyzekm7007nu3l0y6qo3en3', 'cmgyzekm7007lu3l0fzsc9qrl', 'Совместное приключение', 2, '{"V_PASSION":5}', '2025-10-23T06:40:20.248Z', '2025-10-23T06:40:20.248Z');
INSERT INTO answer_options (id, question_id, text, value, weights, created_at, updated_at) VALUES ('cmgyzekm7007ou3l0gpm9s8qt', 'cmgyzekm7007lu3l0fzsc9qrl', 'Общее хобби', 3, '{"V_GROWTH":5}', '2025-10-23T06:40:20.248Z', '2025-10-23T06:40:20.248Z');
INSERT INTO answer_options (id, question_id, text, value, weights, created_at, updated_at) VALUES ('cmgyzekm7007pu3l0fyac8niw', 'cmgyzekm7007lu3l0fzsc9qrl', 'Домашний уют', 4, '{"V_SECURITY":5}', '2025-10-23T06:40:20.248Z', '2025-10-23T06:40:20.248Z');
INSERT INTO questions (id, test_id, text, type, `order`, created_at, updated_at) VALUES ('cmgyzekm7007qu3l0wcjpb3zl', 'cmgyzeklz0000u3l09cwl94v2', 'Когда ты чувствуешь максимальную близость?', 'single', 50, '2025-10-23T06:40:20.248Z', '2025-10-23T06:40:20.248Z');
INSERT INTO answer_options (id, question_id, text, value, weights, created_at, updated_at) VALUES ('cmgyzekm7007ru3l00bwrslcm', 'cmgyzekm7007qu3l0wcjpb3zl', 'Когда меня слушают', 1, '{"L_WORDS":5}', '2025-10-23T06:40:20.248Z', '2025-10-23T06:40:20.248Z');
INSERT INTO answer_options (id, question_id, text, value, weights, created_at, updated_at) VALUES ('cmgyzekm7007su3l0nbctf6si', 'cmgyzekm7007qu3l0wcjpb3zl', 'Когда меня выбирают', 2, '{"L_TIME":5}', '2025-10-23T06:40:20.248Z', '2025-10-23T06:40:20.248Z');
INSERT INTO answer_options (id, question_id, text, value, weights, created_at, updated_at) VALUES ('cmgyzekm7007tu3l0dym7urzt', 'cmgyzekm7007qu3l0wcjpb3zl', 'Когда мы создаём эмоции', 3, '{"V_PASSION":5}', '2025-10-23T06:40:20.248Z', '2025-10-23T06:40:20.248Z');
INSERT INTO answer_options (id, question_id, text, value, weights, created_at, updated_at) VALUES ('cmgyzekm7007uu3l0y84nr6nl', 'cmgyzekm7007qu3l0wcjpb3zl', 'Когда обо мне заботятся', 4, '{"L_SERVICE":5}', '2025-10-23T06:40:20.248Z', '2025-10-23T06:40:20.248Z');
INSERT INTO scales (id, test_id, `key`, name, min, max, bands, created_at, updated_at) VALUES ('cmh0073oe0001u358gar6w8nx', 'cmgyzeklz0000u3l09cwl94v2', 'secure_attachment', 'Надёжная привязанность', 0, 40, '[{"max":13,"min":0,"label":"low"},{"max":26,"min":14,"label":"mid"},{"max":40,"min":27,"label":"high"}]', '2025-10-23T06:40:20.248Z', '2025-10-23T06:40:20.248Z');
INSERT INTO scales (id, test_id, `key`, name, min, max, bands, created_at, updated_at) VALUES ('cmh0073oj0003u35865pijyjp', 'cmgyzeklz0000u3l09cwl94v2', 'anxious_attachment', 'Тревожная привязанность', 0, 25, '[{"max":8,"min":0,"label":"low"},{"max":17,"min":9,"label":"mid"},{"max":25,"min":18,"label":"high"}]', '2025-10-23T06:40:20.248Z', '2025-10-23T06:40:20.248Z');
INSERT INTO scales (id, test_id, `key`, name, min, max, bands, created_at, updated_at) VALUES ('cmh0073ol0005u358l0g4nfcx', 'cmgyzeklz0000u3l09cwl94v2', 'avoidant_attachment', 'Избегающая привязанность', 0, 32, '[{"max":10,"min":0,"label":"low"},{"max":21,"min":11,"label":"mid"},{"max":32,"min":22,"label":"high"}]', '2025-10-23T06:40:20.248Z', '2025-10-23T06:40:20.248Z');
INSERT INTO scales (id, test_id, `key`, name, min, max, bands, created_at, updated_at) VALUES ('cmh0073on0007u358ksp1v4bb', 'cmgyzeklz0000u3l09cwl94v2', 'value_support', 'Ценность поддержки', 0, 60, '[{"max":20,"min":0,"label":"low"},{"max":40,"min":21,"label":"mid"},{"max":60,"min":41,"label":"high"}]', '2025-10-23T06:40:20.248Z', '2025-10-23T06:40:20.248Z');
INSERT INTO scales (id, test_id, `key`, name, min, max, bands, created_at, updated_at) VALUES ('cmh0073op0009u358agwl783i', 'cmgyzeklz0000u3l09cwl94v2', 'value_passion', 'Ценность страсти', 0, 70, '[{"max":23,"min":0,"label":"low"},{"max":46,"min":24,"label":"mid"},{"max":70,"min":47,"label":"high"}]', '2025-10-23T06:40:20.248Z', '2025-10-23T06:40:20.248Z');
INSERT INTO scales (id, test_id, `key`, name, min, max, bands, created_at, updated_at) VALUES ('cmh0073os000bu358umwd2vts', 'cmgyzeklz0000u3l09cwl94v2', 'value_security', 'Ценность безопасности', 0, 65, '[{"max":21,"min":0,"label":"low"},{"max":43,"min":22,"label":"mid"},{"max":65,"min":44,"label":"high"}]', '2025-10-23T06:40:20.248Z', '2025-10-23T06:40:20.248Z');
INSERT INTO scales (id, test_id, `key`, name, min, max, bands, created_at, updated_at) VALUES ('cmh0073ou000du358om0sa2mc', 'cmgyzeklz0000u3l09cwl94v2', 'value_growth', 'Ценность роста', 0, 65, '[{"max":21,"min":0,"label":"low"},{"max":43,"min":22,"label":"mid"},{"max":65,"min":44,"label":"high"}]', '2025-10-23T06:40:20.248Z', '2025-10-23T06:40:20.248Z');
INSERT INTO scales (id, test_id, `key`, name, min, max, bands, created_at, updated_at) VALUES ('cmh0073ow000fu358ju1l1ayy', 'cmgyzeklz0000u3l09cwl94v2', 'language_words', 'Слова поддержки', 0, 65, '[{"max":21,"min":0,"label":"low"},{"max":43,"min":22,"label":"mid"},{"max":65,"min":44,"label":"high"}]', '2025-10-23T06:40:20.248Z', '2025-10-23T06:40:20.248Z');
INSERT INTO scales (id, test_id, `key`, name, min, max, bands, created_at, updated_at) VALUES ('cmh0073oy000hu358zho3lv4b', 'cmgyzeklz0000u3l09cwl94v2', 'language_time', 'Совместное время', 0, 70, '[{"max":23,"min":0,"label":"low"},{"max":46,"min":24,"label":"mid"},{"max":70,"min":47,"label":"high"}]', '2025-10-23T06:40:20.248Z', '2025-10-23T06:40:20.248Z');
INSERT INTO scales (id, test_id, `key`, name, min, max, bands, created_at, updated_at) VALUES ('cmh0073p1000ju358flyij55j', 'cmgyzeklz0000u3l09cwl94v2', 'language_gifts', 'Подарки', 0, 60, '[{"max":20,"min":0,"label":"low"},{"max":40,"min":21,"label":"mid"},{"max":60,"min":41,"label":"high"}]', '2025-10-23T06:40:20.248Z', '2025-10-23T06:40:20.248Z');
INSERT INTO scales (id, test_id, `key`, name, min, max, bands, created_at, updated_at) VALUES ('cmh0073p2000lu35849fo1plp', 'cmgyzeklz0000u3l09cwl94v2', 'language_service', 'Забота действиями', 0, 70, '[{"max":23,"min":0,"label":"low"},{"max":46,"min":24,"label":"mid"},{"max":70,"min":47,"label":"high"}]', '2025-10-23T06:40:20.248Z', '2025-10-23T06:40:20.248Z');
INSERT INTO scales (id, test_id, `key`, name, min, max, bands, created_at, updated_at) VALUES ('cmh0073p4000nu3585gb59e1o', 'cmgyzeklz0000u3l09cwl94v2', 'language_touch', 'Физические прикосновения', 0, 60, '[{"max":20,"min":0,"label":"low"},{"max":40,"min":21,"label":"mid"},{"max":60,"min":41,"label":"high"}]', '2025-10-23T06:40:20.248Z', '2025-10-23T06:40:20.248Z');
INSERT INTO scales (id, test_id, `key`, name, min, max, bands, created_at, updated_at) VALUES ('cmh0073p7000pu358dskesbcc', 'cmgyzeklz0000u3l09cwl94v2', 'conflict_collab', 'Сотрудничество в конфликте', 0, 10, '[{"max":3,"min":0,"label":"low"},{"max":7,"min":4,"label":"mid"},{"max":10,"min":8,"label":"high"}]', '2025-10-23T06:40:20.248Z', '2025-10-23T06:40:20.248Z');
INSERT INTO scales (id, test_id, `key`, name, min, max, bands, created_at, updated_at) VALUES ('cmh0073p9000ru3588s9x654o', 'cmgyzeklz0000u3l09cwl94v2', 'conflict_avoid', 'Избегание конфликта', 0, 15, '[{"max":5,"min":0,"label":"low"},{"max":10,"min":6,"label":"mid"},{"max":15,"min":11,"label":"high"}]', '2025-10-23T06:40:20.248Z', '2025-10-23T06:40:20.248Z');
INSERT INTO scales (id, test_id, `key`, name, min, max, bands, created_at, updated_at) VALUES ('cmh0073pa000tu358be429bex', 'cmgyzeklz0000u3l09cwl94v2', 'conflict_comprom', 'Компромисс в конфликте', 0, 10, '[{"max":3,"min":0,"label":"low"},{"max":7,"min":4,"label":"mid"},{"max":10,"min":8,"label":"high"}]', '2025-10-23T06:40:20.248Z', '2025-10-23T06:40:20.248Z');
INSERT INTO scales (id, test_id, `key`, name, min, max, bands, created_at, updated_at) VALUES ('cmh0073pd000vu358kupmvgx3', 'cmgyzeklz0000u3l09cwl94v2', 'conflict_accom', 'Приспособление в конфликте', 0, 10, '[{"max":3,"min":0,"label":"low"},{"max":7,"min":4,"label":"mid"},{"max":10,"min":8,"label":"high"}]', '2025-10-23T06:40:20.248Z', '2025-10-23T06:40:20.248Z');
INSERT INTO scales (id, test_id, `key`, name, min, max, bands, created_at, updated_at) VALUES ('cmh0073pf000xu3581x5q28sf', 'cmgyzeklz0000u3l09cwl94v2', 'conflict_compete', 'Соперничество в конфликте', 0, 10, '[{"max":3,"min":0,"label":"low"},{"max":7,"min":4,"label":"mid"},{"max":10,"min":8,"label":"high"}]', '2025-10-23T06:40:20.248Z', '2025-10-23T06:40:20.248Z');
INSERT INTO rules (id, test_id, kind, priority, payload, created_at, updated_at) VALUES ('cmh0073ph000zu358njvqiaqm', 'cmgyzeklz0000u3l09cwl94v2', 'threshold', 100, '{"ranges":[{"to":13,"label":"low","title":"Низкая надёжная привязанность","description":"Близость даётся с трудом: сложно просить о поддержке, есть настороженность к откровенности.","recommendations":["Замечайте моменты, когда хочется закрыться, и мягко пробуйте «малые дозы» доверия.","Обсудите с партнёром безопасные рамки откровенности.","Рассмотрите краткосрочную терапию, ориентированную на привязанность."]},{"to":26,"label":"mid","title":"Умеренная надёжная привязанность","description":"В целом способны на близость, но временами нужны дополнительные подтверждения и пространство.","recommendations":["Практикуйте «я-сообщения» при обсуждении потребностей.","Регулярно проверяйте ожидания и границы в паре.","Поддерживайте собственные источники устойчивости (сон, режим, хобби)."]},{"to":40,"label":"high","title":"Высокая надёжная привязанность","description":"Комфортно выражаете чувства и просите о помощи, умеете сочетать близость и автономию.","recommendations":["Делитесь навыками эмпатии и регуляции в паре.","Поддерживайте ритуалы связи (совместные разговоры, встречи).","Сохраняйте баланс «я» и «мы» через личные цели."]}],"scaleKey":"secure_attachment"}', '2025-10-23T06:40:20.248Z', '2025-10-23T06:40:20.248Z');
INSERT INTO rules (id, test_id, kind, priority, payload, created_at, updated_at) VALUES ('cmh0073pk0011u358ebenagfd', 'cmgyzeklz0000u3l09cwl94v2', 'threshold', 100, '{"ranges":[{"to":8,"label":"low","title":"Низкая тревожная привязанность","description":"Редко переживаете из-за дистанции партнёра, сохраняете внутреннюю опору.","recommendations":["Продолжайте открыто говорить о чувствах без контроля.","Поддерживайте свои социальные связи помимо пары.","Фиксируйте успехи в саморегуляции (дневник, заметки)."]},{"to":17,"label":"mid","title":"Умеренная тревожность в близости","description":"Иногда включается страх отвержения и потребность в заверениях.","recommendations":["Договаривайтесь о «окнах связи» (когда и как созваниваетесь).","Освойте техники успокоения (дыхание 4-7-8, заземление).","Развивайте самоценность вне отношений."]},{"to":25,"label":"high","title":"Высокая тревожная привязанность","description":"Часто беспокоитесь о стабильности, возможна склонность к проверкам и навязчивым мыслям.","recommendations":["Составьте «план заботы о себе» на моменты ожидания ответа.","Обсудите с партнёром ясные сигналы внимания и границы.","Рассмотрите работу с психологом для переработки раннего опыта."]}],"scaleKey":"anxious_attachment"}', '2025-10-23T06:40:20.248Z', '2025-10-23T06:40:20.248Z');
INSERT INTO rules (id, test_id, kind, priority, payload, created_at, updated_at) VALUES ('cmh0073pn0013u358iu1avybn', 'cmgyzeklz0000u3l09cwl94v2', 'threshold', 100, '{"ranges":[{"to":10,"label":"low","title":"Низкая избегаюшая тенденция","description":"Готовы к близости, умеете показывать уязвимость при необходимости.","recommendations":["Поддерживайте привычку делиться переживаниями.","Сохраняйте разумный баланс личного пространства и контакта.","Отмечайте, что просьба о поддержке — это сила, а не слабость."]},{"to":21,"label":"mid","title":"Умеренная установка на дистанцию","description":"Иногда уходите в «рациональность» и паузы, чтобы не чувствовать уязвимость.","recommendations":["Обозначайте партнёру, когда нужна пауза и когда вернётесь к разговору.","Тренируйте короткие фразы признания чувств («мне волнительно…»).","Планируйте регулярные моменты тепла и близости."]},{"to":32,"label":"high","title":"Высокая избегаюшая привязанность","description":"Склонность к уходу от эмоциональной близости, контролю и самостоятельности любой ценой.","recommendations":["Исследуйте убеждения про уязвимость (дневник, терапия).","Практикуйте «дозированное» открывание — 1 факт/день о себе.","Создайте совместные ритуалы (время, прикосновения) с низким риском."]}],"scaleKey":"avoidant_attachment"}', '2025-10-23T06:40:20.248Z', '2025-10-23T06:40:20.248Z');
INSERT INTO rules (id, test_id, kind, priority, payload, created_at, updated_at) VALUES ('cmh0073pq0015u358bezlt698', 'cmgyzeklz0000u3l09cwl94v2', 'threshold', 100, '{"ranges":[{"to":20,"label":"low","title":"Поддержка не в приоритете","description":"Вы меньше ориентируетесь на эмоциональную опору как ключевую ценность.","recommendations":["Проверьте, какие формы поддержки всё же приятны.","Обсудите с партнёром различия в ожиданиях поддержки.","Отмечайте моменты, когда поддержка повышает близость."]},{"to":40,"label":"mid","title":"Баланс поддержки","description":"Цените понимание, но важен и другой набор ценностей.","recommendations":["Договоритесь о понятных способах поддержки в стрессе.","Практикуйте активное слушание раз в неделю.","Уточняйте, чего именно ждёте в сложные моменты."]},{"to":60,"label":"high","title":"Поддержка — ключевая ценность","description":"Эмоциональная близость и принятие — основа гармонии в отношениях.","recommendations":["Создайте ритуал «15 минут откровенности» ежедневно.","Учитесь просить поддержку конкретно («мне поможет…»).","Берегите партнёра от эмоционального выгорания — чередуйте роли."]}],"scaleKey":"value_support"}', '2025-10-23T06:40:20.248Z', '2025-10-23T06:40:20.248Z');
INSERT INTO rules (id, test_id, kind, priority, payload, created_at, updated_at) VALUES ('cmh0073ps0017u3587yujiu43', 'cmgyzeklz0000u3l09cwl94v2', 'threshold', 100, '{"ranges":[{"to":23,"label":"low","title":"Страсть не на первом месте","description":"Романтическая искра для вас вторична по сравнению с другими ценностями.","recommendations":["Запланируйте «микро-романтику» (5–10 мин) несколько раз в неделю.","Ищите эмоциональную новизну через общие мини-приключения.","Обсудите язык флирта, комфортный обоим."]},{"to":46,"label":"mid","title":"Умеренная ценность страсти","description":"Важны и эмоции, и стабильность — стремитесь к балансу.","recommendations":["Чередуйте спокойные и драйвовые свидания.","Отмечайте, что усиливает притяжение (одежда, обстановка, темы).","Открыто говорите о желаниях и границах."]},{"to":70,"label":"high","title":"Страсть — главный драйвер","description":"Яркость, спонтанность и химия сильно влияют на удовлетворённость.","recommendations":["Согласуйте «правила безопасности» для экспериментов.","Регулярно вносите новизну (места, впечатления, роли).","Поддерживайте эмоциональную связь, а не только интенсивность."]}],"scaleKey":"value_passion"}', '2025-10-23T06:40:20.248Z', '2025-10-23T06:40:20.248Z');
INSERT INTO rules (id, test_id, kind, priority, payload, created_at, updated_at) VALUES ('cmh0073pu0019u358y8senuph', 'cmgyzeklz0000u3l09cwl94v2', 'threshold', 100, '{"ranges":[{"to":21,"label":"low","title":"Безопасность вторична","description":"Готовы к риску и неопределённости, меньше нуждаетесь в чётких правилах.","recommendations":["Согласуйте базовые границы (финансы, верность, быт).","Фиксируйте договорённости письменно, чтобы снизить споры.","Оценивайте риски, касающиеся обоих."]},{"to":43,"label":"mid","title":"Баланс безопасности","description":"Цените надёжность, но допускаете гибкость и спонтанность.","recommendations":["Проводите ежемесячные «перепроверки» правил и ожиданий.","Создайте финансовую/бытовую «подушку» для спокойствия.","Уточняйте, что именно даёт ощущение защищённости."]},{"to":65,"label":"high","title":"Безопасность — в приоритете","description":"Предсказуемость, ясные рамки и стабильность — основа вашего спокойствия.","recommendations":["Делитесь триггерами тревоги и способами её снизить.","Планируйте, прежде чем менять важные договорённости.","Удерживайте гибкость: оставляйте «окно» для новизны."]}],"scaleKey":"value_security"}', '2025-10-23T06:40:20.248Z', '2025-10-23T06:40:20.248Z');
INSERT INTO rules (id, test_id, kind, priority, payload, created_at, updated_at) VALUES ('cmh0073pw001bu358kkryxouu', 'cmgyzeklz0000u3l09cwl94v2', 'threshold', 100, '{"ranges":[{"to":21,"label":"low","title":"Рост не центральная ценность","description":"Совместное развитие важно постольку-поскольку, приоритет — другие сферы.","recommendations":["Найдите одно малое общее направление роста (книга, курс).","Поддерживайте интерес партнёра к его целям.","Обсуждайте планы на квартал в формате «что даёт радость».","Фиксируйте маленькие достижения пары."]},{"to":43,"label":"mid","title":"Умеренный акцент на росте","description":"Цените развитие, но бережёте баланс с бытом и отдыхом.","recommendations":["Ставьте 1–2 общих SMART-цели на месяц.","Планируйте «учебные свидания» (лекция, мастер-класс).","Раз в месяц подводите итоги и корректируйте курс."]},{"to":65,"label":"high","title":"Рост — сильная ценность","description":"Вам важно учиться и расширять возможности вместе.","recommendations":["Согласуйте темп, чтобы не перегружать друг друга.","Комбинируйте рост с заботой и отдыхом.","Празднуйте результаты и укрепляйте идентичность пары как «команды развития»."]}],"scaleKey":"value_growth"}', '2025-10-23T06:40:20.248Z', '2025-10-23T06:40:20.248Z');
INSERT INTO rules (id, test_id, kind, priority, payload, created_at, updated_at) VALUES ('cmh0073pz001du3582b4i622c', 'cmgyzeklz0000u3l09cwl94v2', 'threshold', 100, '{"ranges":[{"to":21,"label":"low","title":"Слова — не главный язык","description":"Комплименты и вербализация важны ограниченно.","recommendations":["Сообщите партнёру, какой формат слов приятен.","Используйте короткие признания в ключевые моменты.","Комбинируйте слова с действиями."]},{"to":43,"label":"mid","title":"Умеренная потребность в словах","description":"Нужны тёплые слова, но не как единственный канал любви.","recommendations":["Введите ежедневный мини-ритуал благодарности.","Попросите партнёра о конкретных фразах поддержки.","Избегайте критики в уязвимые моменты."]},{"to":65,"label":"high","title":"Слова — ведущий язык любви","description":"Вербальные подтверждения сильно усиливают чувство близости.","recommendations":["Практикуйте комплименты и «заметки любви».","Просите о словах поддержки, когда это нужно.","Сочетайте слова с активным слушанием."]}],"scaleKey":"language_words"}', '2025-10-23T06:40:20.248Z', '2025-10-23T06:40:20.248Z');
INSERT INTO rules (id, test_id, kind, priority, payload, created_at, updated_at) VALUES ('cmh0073q0001fu358bvh12t2n', 'cmgyzeklz0000u3l09cwl94v2', 'threshold', 100, '{"ranges":[{"to":23,"label":"low","title":"Совместное время не критично","description":"Цените автономию, а встречи — по необходимости.","recommendations":["Планируйте меньше, но качественнее.","Согласуйте «безгаджетные» интервалы.","Ищите точки соприкосновения в расписании."]},{"to":46,"label":"mid","title":"Нужен баланс времени вместе","description":"Важны регулярные свидания без перегруза.","recommendations":["Назначьте еженедельный вечер пары.","Раз в месяц — особое свидание.","Обсуждайте ожидания по длительности и формату."]},{"to":70,"label":"high","title":"Время — главный язык любви","description":"Чувствуете любовь через присутствие и фокус на вас.","recommendations":["Сделайте приоритетом совместный календарь.","Убирайте отвлекающие факторы во время встреч.","Создайте ритуалы начала и завершения дня."]}],"scaleKey":"language_time"}', '2025-10-23T06:40:20.248Z', '2025-10-23T06:40:20.248Z');
INSERT INTO rules (id, test_id, kind, priority, payload, created_at, updated_at) VALUES ('cmh0073q3001hu3582lt9khak', 'cmgyzeklz0000u3l09cwl94v2', 'threshold', 100, '{"ranges":[{"to":20,"label":"low","title":"Подарки не про вас","description":"Материальные знаки внимания вторичны.","recommendations":["Заменяйте подарки символическими жестами.","Обсудите бюджет и ожидания на праздники.","Фокус на впечатлениях вместо вещей."]},{"to":40,"label":"mid","title":"Умеренная значимость подарков","description":"Приятно получать знаки внимания в особые моменты.","recommendations":["Соберите «лист радостей» друг друга.","Дарите малые, но осмысленные сюрпризы.","Подкрепляйте подарки словами и временем."]},{"to":60,"label":"high","title":"Подарки — ведущий язык любви","description":"Осязаемые символы заботы делают вас счастливее.","recommendations":["Планируйте «микро-сюрпризы» в обычные дни.","Согласуйте границы стоимости.","Добавляйте личные смыслы (записки, истории)."]}],"scaleKey":"language_gifts"}', '2025-10-23T06:40:20.248Z', '2025-10-23T06:40:20.248Z');
INSERT INTO rules (id, test_id, kind, priority, payload, created_at, updated_at) VALUES ('cmh0073q6001ju3582admy4bb', 'cmgyzeklz0000u3l09cwl94v2', 'threshold', 100, '{"ranges":[{"to":23,"label":"low","title":"Дела — не главный канал","description":"Помощь важна, но не ключ к близости.","recommendations":["Определите 1–2 зоны, где помощь особенно ценна.","Говорите спасибо за конкретные действия.","Не обесценивайте заботу партнёра."]},{"to":46,"label":"mid","title":"Нужны понятные жесты заботы","description":"Практическая помощь повышает ощущение любви.","recommendations":["Составьте список дел, которые реально снимают нагрузку.","Внедрите «дежурства заботы».","Обсудите границы между помощью и контролем."]},{"to":70,"label":"high","title":"Забота действиями — ведущий язык","description":"Поступки важнее слов: помощь — главный маркер любви.","recommendations":["Просите о конкретной помощи без намёков.","Отмечайте вклад партнёра регулярно.","Планируйте взаимные акты заботы."]}],"scaleKey":"language_service"}', '2025-10-23T06:40:20.248Z', '2025-10-23T06:40:20.248Z');
INSERT INTO rules (id, test_id, kind, priority, payload, created_at, updated_at) VALUES ('cmh0073q8001lu358n2ndjsqj', 'cmgyzeklz0000u3l09cwl94v2', 'threshold', 100, '{"ranges":[{"to":20,"label":"low","title":"Прикосновения вторичны","description":"Телесный контакт не обязателен для чувства любви.","recommendations":["Обозначьте комфортные форматы телесности.","Компенсируйте теплом слов и дел.","Уважайте разные уровни телесного комфорта."]},{"to":40,"label":"mid","title":"Умеренная потребность в прикосновениях","description":"Нужны объятия и нежность, но в разумной дозе.","recommendations":["Согласуйте частоту и уместность прикосновений.","Создайте вечерние ритуалы телесной близости.","Говорите о предпочтениях открыто."]},{"to":60,"label":"high","title":"Прикосновения — главный язык","description":"Тактильность критична для ощущения любви и безопасности.","recommendations":["Добавляйте нежность в бытовые моменты.","Обсудите границы и «зоны комфорта».","Сочетайте телесность с вербальной поддержкой."]}],"scaleKey":"language_touch"}', '2025-10-23T06:40:20.248Z', '2025-10-23T06:40:20.248Z');
INSERT INTO rules (id, test_id, kind, priority, payload, created_at, updated_at) VALUES ('cmh0073qb001nu3583sihd9lz', 'cmgyzeklz0000u3l09cwl94v2', 'threshold', 100, '{"ranges":[{"to":3,"label":"low","title":"Редко идёте в сотрудничество","description":"В конфликте чаще выбираете другие стратегии.","recommendations":["Пробуйте совместный поиск вариантов «мы против проблемы».","Используйте перефразирование для понимания позиций.","Фиксируйте общее «зачем» решения."]},{"to":7,"label":"mid","title":"Сотрудничаете при необходимости","description":"Стремитесь учитывать интересы обоих, но не всегда.","recommendations":["Задавайте вопрос: «Какое решение устроит нас обоих?»","Разделяйте обсуждение людей и задач.","Ведите протокол договорённостей."]},{"to":10,"label":"high","title":"Сотрудничество — ваш стиль","description":"Ищете win-win и готовы вкладываться в диалог.","recommendations":["Следите, чтобы процесс не затягивался.","Помогайте партнёру формулировать интересы, не позиции.","Закрепляйте решения действиями и сроками."]}],"scaleKey":"conflict_collab"}', '2025-10-23T06:40:20.248Z', '2025-10-23T06:40:20.248Z');
INSERT INTO rules (id, test_id, kind, priority, payload, created_at, updated_at) VALUES ('cmh0073qd001pu358ufxgufbj', 'cmgyzeklz0000u3l09cwl94v2', 'threshold', 100, '{"ranges":[{"to":5,"label":"low","title":"Мало избегания","description":"Готовы обсуждать трудные темы без откладывания.","recommendations":["Сохраняйте уважительную прямоту.","Планируйте время и формат сложных разговоров.","Используйте паузы как инструмент, а не уход."]},{"to":10,"label":"mid","title":"Умеренное избегание","description":"Иногда берёте паузу, чтобы остыть — это может быть полезно.","recommendations":["Договаривайтесь о длительности паузы и времени возврата.","Отмечайте, что нужно, чтобы вернуться к разговору.","Фиксируйте тему, чтобы не терять фокус."]},{"to":15,"label":"high","title":"Высокая тенденция к избеганию","description":"Сложные темы часто откладываются, что копит напряжение.","recommendations":["Начинайте с маленьких, безопасных обсуждений.","Используйте шаблоны «я-сообщений».","Задумайтесь о поддержке медиатора/терапевта при острых спорах."]}],"scaleKey":"conflict_avoid"}', '2025-10-23T06:40:20.248Z', '2025-10-23T06:40:20.248Z');
INSERT INTO rules (id, test_id, kind, priority, payload, created_at, updated_at) VALUES ('cmh0073qg001ru358nrvmcupk', 'cmgyzeklz0000u3l09cwl94v2', 'threshold', 100, '{"ranges":[{"to":3,"label":"low","title":"Редко идёте на компромисс","description":"Чаще выбираете другие стратегии урегулирования.","recommendations":["Ищите зоны, где уступки малозатратны.","Определяйте «красные линии» до обсуждения.","Меняйтесь уступками эквивалентно."]},{"to":7,"label":"mid","title":"Компромисс периодически","description":"Готовы к обмену уступками, когда это быстро решает вопрос.","recommendations":["Используйте правило «малый шаг за малый шаг».","Фиксируйте временные компромиссы и дату пересмотра.","Следите, чтобы компромисс не подменял сотрудничество."]},{"to":10,"label":"high","title":"Компромисс — сильная сторона","description":"Умеете быстро находить «середину», снижая напряжение.","recommendations":["Оценивайте, не теряются ли важные потребности.","Чередуйте компромисс с совместным поиском решений.","Проверяйте удовлетворённость обоих спустя время."]}],"scaleKey":"conflict_comprom"}', '2025-10-23T06:40:20.248Z', '2025-10-23T06:40:20.248Z');
INSERT INTO rules (id, test_id, kind, priority, payload, created_at, updated_at) VALUES ('cmh0073qj001tu358r3v2k72p', 'cmgyzeklz0000u3l09cwl94v2', 'threshold', 100, '{"ranges":[{"to":3,"label":"low","title":"Редко уступаете","description":"Склонны отстаивать своё, что защищает границы.","recommendations":["Отмечайте, где уступка принесёт больше пользы.","Развивайте эмпатию к потребностям партнёра.","Держите канал обратной связи открытым."]},{"to":7,"label":"mid","title":"Готовность к уступкам","description":"Иногда ставите интересы партнёра выше своих.","recommendations":["Следите за балансом, чтобы не копить обиды.","Проговаривайте, что именно отдаёте и ради чего.","Просите взаимных шагов навстречу."]},{"to":10,"label":"high","title":"Высокая приспособляемость","description":"Часто уступаете, рискуя игнорировать собственные потребности.","recommendations":["Определите личные «красные линии».","Практикуйте уверенные отказы без вины.","Ищите баланс: уступка сегодня — встречный шаг завтра."]}],"scaleKey":"conflict_accom"}', '2025-10-23T06:40:20.248Z', '2025-10-23T06:40:20.248Z');
INSERT INTO rules (id, test_id, kind, priority, payload, created_at, updated_at) VALUES ('cmh0073ql001vu358wfrjpapm', 'cmgyzeklz0000u3l09cwl94v2', 'threshold', 100, '{"ranges":[{"to":3,"label":"low","title":"Низкое соперничество","description":"Редко настаиваете на своём любой ценой — это снижает эскалации.","recommendations":["Сохраняйте конструктивность при защите интересов.","Выбирайте битвы: где принципиально, где — нет.","Подкрепляйте твёрдость эмпатией."]},{"to":7,"label":"mid","title":"Умеренное соперничество","description":"Иногда твердо отстаиваете позицию — полезно при ограниченных ресурсах.","recommendations":["Описывайте интересы, а не нападайте на личность.","Предлагайте альтернативы при жёстких требованиях.","Договаривайтесь о правилах спора заранее."]},{"to":10,"label":"high","title":"Высокая конкурентность","description":"Часто добиваетесь своего, что может ранить партнёра и связь.","recommendations":["Сначала валидируйте чувства, потом аргументы.","Ограничьте время «жёстких» дискуссий.","Ищите win-win, когда ставки невысоки."]}],"scaleKey":"conflict_compete"}', '2025-10-23T06:40:20.248Z', '2025-10-23T06:40:20.248Z');

SET FOREIGN_KEY_CHECKS=1;
